ID,DistrictsAndNeighbourhoods,MunicipalityName_1,RegionType_2,Encoding_3,ChangeInDistrictOrNeighbourhood_4,DistanceToGPPractice_5,Within1Km_6,Within3Km_7,Within5Km_8,DistanceToGPPost_9,DistanceToPharmacy_10,DistanceToHospital_11,Within5Km_12,Within10Km_13,Within20Km_14,DistanceToHospital_15,Within5Km_16,Within10Km_17,Within20Km_18,DistanceToYouthHealthCentre_19,DistanceToPhysiotherapist_20,Within1Km_21,Within3Km_22,Within5Km_23,DistanceToLargeSupermarket_24,Within1Km_25,Within3Km_26,Within5Km_27,DistanceToShopForOtherDailyFood_28,Within1Km_29,Within3Km_30,Within5Km_31,DistanceToDepartmentStore_32,Within5Km_33,Within10Km_34,Within20Km_35,DistanceToCafeEtc_36,Within1Km_37,Within3Km_38,Within5Km_39,DistanceToCafeteriaEtc_40,Within1Km_41,Within3Km_42,Within5Km_43,DistanceToRestaurant_44,Within1Km_45,Within3Km_46,Within5Km_47,DistanceToHotelEtc_48,Within5Km_49,Within105km_50,Within20Km_51,DistanceToDaycareCentres_52,Within1Km_53,Within3Km_54,Within5Km_55,DistanceToOutOfSchoolCare_56,Within1Km_57,Within3Km_58,Within5Km_59,DistanceToSchool_60,Within1Km_61,Within3Km_62,Within5Km_63,DistanceToSchool_64,Within3Km_65,Within5Km_66,Within10Km_67,DistanceToSchool_68,Within3Km_69,Within5Km_70,Within10Km_71,DistanceToSchool_72,Within3Km_73,Within5Km_74,Within10Km_75,DistanceToPublicGreenTotal_76,DistanceToPark_77,DistanceToRecreationalTerrain_78,DistanceToForest_79,DistanceToOpenNatTerrainTotal_80,DistanceToOpenDryNaturalTerrain_81,DistanceToOpenWetNaturalTerrain_82,DistanceToSemiPublicGreenTotal_83,DistanceToSportsArea_84,DistanceToAllotmentGarden_85,DistanceToRecreationalArea_86,DistanceToCemetery_87,DistanceToRecreationalInlandWaters_88,DistanceToMainRoadEntrance_89,DistanceToTrainStationAllTypes_90,DistanceToImportantTransferStation_91,DistanceToLibrary_92,DistanceToSwimmingPool_93,DistanceToArtificialIceSkatingRink_94,DistanceToMuseum_95,Within5Km_96,Within10Km_97,Within20Km_98,DistanceToPerformingArts_99,Within5Km_100,Within10Km_101,Within20Km_102,DistanceToPopMusicVenue_103,DistanceToCinema_104,Within5Km_105,Within10Km_106,Within20Km_107,DistanceToSauna_108,DistanceToTanningSalon_109,DistanceToAttraction_110,Within10Km_111,Within20Km_112,Within50Km_113,DistanceToFireStation_114
3673,GM0503    ,Delft                                   ,Municipality ,GM0503    ,.,0.6,2,13,24,2.4,0.8,2.4,1,5.5,25.3,2.4,1,3,11.9,       .,       .,       .,       .,       .,0.5,3,18.4,31,0.5,11.6,65.2,107.9,1.6,2.7,15,54.5,0.7,7.6,37.4,55.3,0.5,13.5,75,122.9,0.5,22.3,112.4,167.8,1.7,17.1,39.7,199.9,0.4,5.5,39.8,77.1,0.5,3.8,29.6,63,0.6,2.2,16.1,34.3,1.1,8.7,13.4,36.9,1.4,5.9,9.5,30.3,1.7,3.6,5.9,18.1,       .,       .,       .,       .,       .,       .,       .,       .,       .,       .,       .,       .,       .,1.3,1.8,9.4,1.5,1.6,11.4,1.9,5,11.5,58.3,2,2,10.4,48.8,10.2,2,2,3.8,19.2,9.2,1.4,2.4,8.7,29.6,60,1.8
3674,WK050311  ,Delft                                   ,District     ,WK050311  ,1,0.5,2.6,15.2,26.2,2.6,0.8,2.6,1,6.8,26,2.6,1,3.5,12,       .,       .,       .,       .,       .,0.4,5.6,22.1,33.8,0.2,36.5,84.8,118,0.7,3.1,18.2,56.2,0.2,36.4,50.8,56.2,0.2,47.3,99.6,132.6,0.2,101.5,149.9,178.8,0.3,20.5,55.2,200.5,0.3,8.9,46.8,88.6,0.4,5.2,36.3,76,0.5,2.9,15.8,40.5,0.9,10.4,14.8,41.1,1.3,6.4,10.8,34.1,1.5,4.4,6.7,21,       .,       .,       .,       .,       .,       .,       .,       .,       .,       .,       .,       .,       .,1.6,1.1,8.1,0.8,1,11.1,0.6,5,16.8,58.3,0.5,2.2,16.8,49,9,0.5,2,5,19.8,9.5,0.6,1.8,9.1,30.1,60.5,1.5
3675,BU05031100,Delft                                   ,Neighbourhood,BU05031100,1,       .,       .,       .,       .,       .,       .,       .,       .,       .,       .,       .,       .,       .,       .,       .,       .,       .,       .,       .,       .,       .,       .,       .,       .,       .,       .,       .,       .,       .,       .,       .,       .,       .,       .,       .,       .,       .,       .,       .,       .,       .,       .,       .,       .,       .,       .,       .,       .,       .,       .,       .,       .,       .,       .,       .,       .,       .,       .,       .,       .,       .,       .,       .,       .,       .,       .,       .,       .,       .,       .,       .,       .,       .,       .,       .,       .,       .,       .,       .,       .,       .,       .,       .,       .,       .,       .,       .,       .,       .,       .,       .,       .,       .,       .,       .,       .,       .,       .,       .,       .,       .,       .,       .,       .,       .,       .,       .,       .,       .,       .
3676,BU05031101,Delft                                   ,Neighbourhood,BU05031101,1,0.6,1.2,13.2,32,3.1,1.1,3.1,1,7,26,3.1,1,4,12,       .,       .,       .,       .,       .,0.7,3.7,20.5,41.8,0.3,29,77.2,143.8,1.1,4.7,18,55.6,0.4,23.8,51.9,58,0.3,30.1,93.7,151.3,0.3,69.8,146.3,200.4,0.5,21,62.4,198.3,0.3,6.2,41.3,104.6,0.3,4,37.7,88,0.3,2.1,15,48.9,1.1,7.6,16.4,44,1.2,3.6,12.4,35.2,1.3,3.5,7.4,23.7,       .,       .,       .,       .,       .,       .,       .,       .,       .,       .,       .,       .,       .,1.6,1.6,7.4,1.5,1.2,10.6,1,5,22.7,58,0.7,3,20,49,8.3,0.6,2,5,19.2,9.9,1,2.5,9.9,30,61,2.1
3677,BU05031102,Delft                                   ,Neighbourhood,BU05031102,1,0.5,2.4,15.1,29.7,2.7,0.8,2.7,1,7,26,2.7,1,4,12,       .,       .,       .,       .,       .,0.5,5.5,21.4,39.9,0.2,37.6,84.6,136.4,0.9,4.1,18,55.6,0.2,36.9,51.5,57.2,0.2,45.9,98.8,145.7,0.1,99.4,149.7,194.3,0.3,21,60.3,199,0.3,8.7,46.1,102.4,0.3,5.1,38.1,85.9,0.4,2.9,15.6,48.1,1,10.2,16,42.5,1.1,6.2,12,34.3,1.2,4.1,7.1,22.4,       .,       .,       .,       .,       .,       .,       .,       .,       .,       .,       .,       .,       .,1.8,1.2,7.6,1.1,1.1,10.6,0.7,5,20.7,58,0.6,2.8,19.7,49,8.6,0.5,2,5,19.3,9.9,0.6,2.1,9.4,30,60.9,1.7
3678,BU05031103,Delft                                   ,Neighbourhood,BU05031103,1,0.6,2.8,13.7,25.9,2.9,0.9,2.9,1,6.9,26,2.9,1,3.6,12,       .,       .,       .,       .,       .,0.3,5.2,20.5,33.6,0.3,37.5,81.2,118.8,0.7,3.2,18.5,56.5,0.2,35.7,50.8,56.3,0.3,48.7,97.4,132.6,0.1,103.9,148.3,178.9,0.2,21,57.6,200,0.2,8.9,42.8,87.9,0.3,5.6,34.4,76.4,0.4,4,14.2,39.5,0.7,8.8,15.3,41.2,1.6,4.8,11.3,33.9,1.7,3.7,7,21.5,       .,       .,       .,       .,       .,       .,       .,       .,       .,       .,       .,       .,       .,1.5,1.4,7.9,1.1,0.8,11.1,0.8,5,18,58.2,0.3,2.1,18.8,49,8.9,0.3,2,5,20,9.4,0.7,2.2,9,30,60.8,1.9
3679,BU05031104,Delft                                   ,Neighbourhood,BU05031104,1,0.5,3.5,16.2,25.5,2.4,0.5,2.4,1,6.7,26,2.4,1,3.6,12,       .,       .,       .,       .,       .,0.2,6.2,23,32.4,0.1,41.5,88,116.1,0.4,2.9,18.2,56.3,0.1,42.6,50.1,55.9,0.1,53.9,102.2,129.3,0,117.1,151.6,174,0.1,20.9,55,201.2,0.3,12.8,49.9,84.5,0.5,7.1,36.2,73.9,0.5,3.4,16.2,38.9,0.8,11.4,15.1,40.6,1.2,7.4,11.1,33.9,1.4,4.8,7,20.8,       .,       .,       .,       .,       .,       .,       .,       .,       .,       .,       .,       .,       .,1.6,0.9,8.1,0.6,1,11.2,0.3,5,16.9,58.1,0.4,2,17.1,49,9.1,0.4,2,5,20,9.4,0.3,1.6,9,30,60.4,1.3
3680,BU05031105,Delft                                   ,Neighbourhood,BU05031105,1,0.5,2.4,18.2,24,1.8,0.5,1.8,1,7,26,1.8,1,4,12,       .,       .,       .,       .,       .,0.5,3.9,24.2,29.2,0.5,23.8,91,108.2,1.1,2,17,56,0.5,30.9,52.2,56.2,0.5,36.9,103.4,122.8,0.4,69.9,153,166,0.6,19,47.6,203,0.5,7.6,54.3,80.4,0.7,3.6,37.9,68.6,1,0.4,18.9,36,1,12,12.8,39.2,1,8,8.8,34,1.3,5,5.8,19.2,       .,       .,       .,       .,       .,       .,       .,       .,       .,       .,       .,       .,       .,2.2,0.1,8.6,1,1.4,11.1,0.8,5,10.8,58,0.8,2,12.6,49,9.5,0.8,2,5,20,9.6,0.6,1.1,9,30,60,0.7
3681,BU05031106,Delft                                   ,Neighbourhood,BU05031106,1,0.5,2.3,18.1,23.8,1.9,0.6,1.9,1,6.7,26,1.9,1,3.3,12,       .,       .,       .,       .,       .,0.3,7,24.2,29.2,0.4,38.9,90.1,104.5,0.7,2.1,18.1,56.7,0.2,39.5,51.3,55.7,0.3,51.9,103.9,123.8,0.1,109.2,152.6,169,0.2,19.4,49.6,202.7,0.3,8.2,52.1,80.8,0.8,5,37.8,69.3,0.8,2,17.8,36.2,1.1,12,13.5,40.2,1.1,8,9.5,34.5,1.4,5,5.9,19.6,       .,       .,       .,       .,       .,       .,       .,       .,       .,       .,       .,       .,       .,1.9,0.6,8.5,0.6,1.4,11.3,0.4,5,11.9,58.6,0.5,2,12.8,49,9.4,0.5,2,5,20,9.4,0.4,1.2,9,30,60,0.8
3682,BU05031107,Delft                                   ,Neighbourhood,BU05031107,1,0.4,2.7,15.4,23.2,2.4,0.9,2.4,1,6.8,26,2.4,1,3,12,       .,       .,       .,       .,       .,0.3,5.8,22.9,29.5,0.2,36.6,85,100.1,0.4,2.3,18.8,56.1,0.1,38.2,50,55,0.1,50.2,100.1,122.1,0.1,107.7,150.1,168.3,0.3,19.6,51.4,200.7,0.5,6.4,47.3,80.7,0.4,3.8,35,69.4,0.4,2.5,15.5,35.6,0.9,11.4,13.3,40.2,1.6,7.4,9.3,34.4,1.8,4.9,6.1,19.8,       .,       .,       .,       .,       .,       .,       .,       .,       .,       .,       .,       .,       .,1.6,1.1,8.4,0.3,1,11.6,0.6,5,13.4,59,0.4,2,13.7,49,9.4,0.4,2,5,20,9.2,0.6,1.5,9,30.1,60,1.3
3683,BU05031108,Delft                                   ,Neighbourhood,BU05031108,1,0.4,3.7,14.3,24.5,2.7,0.7,2.7,1,6.9,26,2.7,1,3,12,       .,       .,       .,       .,       .,0.3,6.7,22,31.7,0.3,39.5,84.2,106.1,0.4,3.1,19,56.4,0.1,38.3,50,55.3,0.2,54.1,100.7,125.6,0.1,110.7,149.1,172.4,0.3,20.7,55.2,200.1,0.4,10.3,43.3,81.2,0.2,6.3,34.3,71.2,0.2,3.8,14.3,36.7,0.5,10,14.5,40.8,1.6,6,10.5,33.9,1.8,4,6.7,21,       .,       .,       .,       .,       .,       .,       .,       .,       .,       .,       .,       .,       .,1.3,1.3,8.1,0.7,0.6,11.6,0.7,5,17.1,58.8,0.5,2,17.1,49,9.3,0.6,2,5,20,9.2,0.7,1.9,9,30,60.1,1.6
3684,BU05031109,Delft                                   ,Neighbourhood,BU05031109,1,0.2,1.5,14.5,22.3,2.3,1.1,2.3,1,6.5,26,2.3,1,2.8,12,       .,       .,       .,       .,       .,0.3,3.7,22.5,28.2,0.4,22.7,84.1,97.1,0.7,2.1,17.8,56.3,0.4,27.1,49.8,55.2,0.3,36.1,97.4,119.5,0.4,76.7,149.6,162.2,0.6,19,43.1,201.6,0.6,4.2,47.3,76.9,0.6,2.8,35.2,64.7,0.6,1.4,17.7,34.3,1.2,11.5,12,38,1.6,7.5,8,32.9,2,4.8,5,18.2,       .,       .,       .,       .,       .,       .,       .,       .,       .,       .,       .,       .,       .,1.6,1,8.8,0.5,1.4,11.9,0.7,5,9.8,58.9,0.4,2,10.5,49,9.8,0.4,2,4.7,20,9,0.9,1.4,9,30.8,60,1.2
3685,WK050312  ,Delft                                   ,District     ,WK050312  ,1,0.6,1.5,10.9,26.8,3.5,0.7,3.5,1.3,6.9,25.9,3.5,1,3.4,11.9,       .,       .,       .,       .,       .,0.7,2.1,17.8,34.6,0.3,10.7,68.7,121.5,1.3,4.1,17.3,54.7,0.8,8.3,49.7,57.5,0.3,14.2,87,131.3,0.4,27.3,144.1,184.4,0.6,20.7,59.7,198.6,0.4,5.1,37.2,85.5,0.5,3.9,32.4,74.1,0.5,2.2,14.8,37.6,0.8,6.8,14.3,42.6,2,3.2,10.3,34.6,2.2,2.8,6.7,23,       .,       .,       .,       .,       .,       .,       .,       .,       .,       .,       .,       .,       .,0.9,2,7.4,1.7,0.9,11.7,1.3,5.3,20,58.8,1.2,2.1,18.2,48.9,8.7,1.3,2,5,19.7,9.5,1.4,2.8,9.4,30.3,60.9,2.5
3686,BU05031200,Delft                                   ,Neighbourhood,BU05031200,1,1.1,0.1,11.4,32.1,3.5,1.4,3.5,1.4,8,25.1,3.5,1,5,11.1,       .,       .,       .,       .,       .,1.2,0,16.2,41.1,0.5,3.4,64.3,155.7,1.9,5,18,52.1,0.9,2,50,61.4,0.3,3.9,79.7,149.3,0.2,2.4,145.6,211.9,1.1,22,64.4,199.3,0.7,1.5,38.8,100.9,1,0.5,35.3,86.8,1,0.5,15.5,46.8,1.7,7.4,16.4,48.1,1.7,3.4,12.4,38.1,1.7,3.4,7.4,25.6,       .,       .,       .,       .,       .,       .,       .,       .,       .,       .,       .,       .,       .,1,2.1,6.7,2.1,1.7,11.1,1.7,6,22.1,60,1.5,2.2,21,48.1,8,1.4,2,5,19,10.4,1.6,3,10,30,62,2.6
3687,BU05031201,Delft                                   ,Neighbourhood,BU05031201,1,1.3,0,11.7,32.2,3.8,1.3,3.8,2,7.3,25.2,3.8,1,4.3,11.2,       .,       .,       .,       .,       .,1.1,0,15.7,40.2,0.2,3.1,64.5,156.3,2.1,5,18,52.1,1.1,0.5,48.6,62.9,0.2,4.9,76.7,142.3,0.3,3,142.8,215.3,0.6,22,64.4,198.9,0.6,1.7,38.4,99.2,1,0.7,36,86,1,0.7,16.4,44.2,1.6,6.8,16.7,49,1.9,3.5,12.7,38.7,2,2.8,8,26.8,       .,       .,       .,       .,       .,       .,       .,       .,       .,       .,       .,       .,       .,0.6,2.3,6.5,2.4,1.7,11.3,1.9,6,22,59.8,1.7,2.4,21,48.2,7.8,1.6,2,5,19.2,10.4,1.9,3.2,10.3,30,62,2.9
3688,BU05031202,Delft                                   ,Neighbourhood,BU05031202,1,1.1,0.3,11.5,31.4,3.6,1.1,3.6,1.7,7.3,25.9,3.6,1,4.3,11.9,       .,       .,       .,       .,       .,0.9,0.8,15.8,39.8,0.2,4.2,63.9,150.5,1.8,5,17.9,53.8,1,1,50.1,60.1,0.2,5.2,81.5,144.2,0.4,3.4,143.1,208.3,0.8,21.9,64,197.9,0.4,2.3,39.5,96.5,0.7,1.2,36.5,83.8,0.7,1.2,16,43.8,1.3,6.7,16.2,47.1,1.8,3.1,12.2,37.3,1.9,2.7,7.7,25.5,       .,       .,       .,       .,       .,       .,       .,       .,       .,       .,       .,       .,       .,0.8,2.2,6.7,2.1,1.5,11.2,1.8,5.9,22,59,1.6,2.1,20.6,48.9,8,1.5,2,5,19.1,10.1,1.7,3.1,10,30,61.7,2.7
3689,BU05031203,Delft                                   ,Neighbourhood,BU05031203,1,0.8,0.9,10.5,29.5,3.8,0.8,3.8,1.5,6.3,25.9,3.8,1,3.3,11.9,       .,       .,       .,       .,       .,0.6,1.1,16.1,36.3,0.3,4.3,63.5,132.7,1.7,4.5,17.2,54.3,1.1,0.4,49.5,58.3,0.4,4.8,81.1,133.3,0.7,3.8,140.6,195.6,0.7,21.3,62.3,197.6,0.3,3.2,36.3,88.1,0.4,1.5,32.1,77.3,0.4,1.5,13.8,38.8,1.1,6.2,15.3,44.8,2.2,3.2,11.3,35.6,2.3,2.2,7.3,24.9,       .,       .,       .,       .,       .,       .,       .,       .,       .,       .,       .,       .,       .,0.9,2.3,6.8,2,1.2,11.6,1.8,5.5,22,58.7,1.6,2.2,19.8,48.9,8.2,1.6,2,5,19.2,9.9,1.8,3.1,9.7,30,61.3,2.8
3690,BU05031204,Delft                                   ,Neighbourhood,BU05031204,1,0.3,2.3,11.9,26.4,3.2,0.4,3.2,1,6.6,26,3.2,1,3,12,       .,       .,       .,       .,       .,0.3,4,20.1,33.2,0.3,24.2,75.6,110.4,0.9,4,17.8,56.2,0.5,21.3,50,56,0.3,32.1,94,128.1,0.4,67.5,146.6,176.2,0.4,20.4,58.8,199.2,0.2,8.2,37.8,82.7,0.3,6,32.2,72.2,0.3,3.6,14,36,0.4,7.4,14,41.6,2,3.6,10,34.6,2.1,3.2,6.5,22.5,       .,       .,       .,       .,       .,       .,       .,       .,       .,       .,       .,       .,       .,1.2,1.7,7.5,1.2,0.6,11.7,1.1,5,20.5,58.5,0.8,2,18.5,49,8.9,1,2,5,20,9.2,1.1,2.4,9.3,30.1,60.9,2.1
3691,BU05031205,Delft                                   ,Neighbourhood,BU05031205,1,0.3,1.9,9.3,26.4,3.6,0.3,3.6,1,6,26,3.6,1,3,12,       .,       .,       .,       .,       .,0.3,1.9,17.6,33,0.3,4.5,64.5,110.2,1.2,4,16,55.5,0.8,2.2,49.5,55.8,0.3,5.9,85.9,125.8,0.5,11.5,143,173.7,0.6,20,59,197.7,0.4,4.6,33.4,80.6,0.4,3.2,28,69.4,0.4,2,12.3,35.4,0.7,6.5,13,40.4,2.3,3,9,33.4,2.5,2.5,6,22.8,       .,       .,       .,       .,       .,       .,       .,       .,       .,       .,       .,       .,       .,1.4,2,7.4,1.6,0.8,12,1.5,5,21.5,58,1.2,2,18.2,49,8.8,1.3,2,5,20,9.5,1.4,2.8,9.1,30,61,2.5
3692,BU05031206,Delft                                   ,Neighbourhood,BU05031206,1,0.5,2,10.8,23,3.4,0.6,3.4,1,6.8,26,3.4,1,3,12,       .,       .,       .,       .,       .,0.5,3,19,30.6,0.5,14.3,72.6,100.4,1,3.3,17,55.1,0.5,14.7,49.8,55.5,0.3,21.4,91.1,122.2,0.4,47.7,145.3,168.3,0.4,20,57.1,199,0.3,6.4,36.1,78.3,0.3,6.2,30.6,67.5,0.3,2.5,13.7,33.2,0.3,6.9,13,39.9,2.1,3,9,32.9,2.3,2.9,6,21.3,       .,       .,       .,       .,       .,       .,       .,       .,       .,       .,       .,       .,       .,1,1.8,7.9,1.4,0.4,12,1.2,5,18,58.9,1,2,16.5,49,9.3,1.1,2,5,20,9.2,1.2,2.6,9,30.5,60.1,2.3
3693,BU05031207,Delft                                   ,Neighbourhood,BU05031207,1,0.5,2.5,10.4,22.2,3.4,0.4,3.4,1,7,26,3.4,1,3,12,       .,       .,       .,       .,       .,0.7,2.6,18.9,31,0.3,12.1,71.2,101.5,1.1,3.4,16.8,55,0.6,9.6,49.4,56.1,0.3,15.2,90.8,122.7,0.2,31.5,144.2,166.1,0.6,19.9,55.2,199.4,0.3,6.9,36.6,76.7,0.3,6.1,30.2,66.1,0.5,2.8,15.8,32.9,0.5,6.7,12.9,38.4,2.2,3,8.9,31.8,2.3,2.7,5.9,19.9,       .,       .,       .,       .,       .,       .,       .,       .,       .,       .,       .,       .,       .,0.6,1.9,8.2,1.5,0.6,12.1,0.7,5,16.5,59,1.1,2,14.8,49,9.5,1.2,2,5,20,8.7,1.3,2.6,9,31,60,2.3
3694,BU05031208,Delft                                   ,Neighbourhood,BU05031208,1,1,1.1,8.2,21.1,3.7,0.8,3.7,1,6,25.2,3.7,1,2,12,       .,       .,       .,       .,       .,1,0.2,14.2,27.7,0.8,3.4,61,96.4,1.7,2.2,16.2,55,1.2,0,49,54.9,0.7,2.3,80.2,118.6,0.7,3.1,139.2,162.5,0.8,18.3,52.8,198,0.8,3.1,31.3,69.8,0.8,2.1,23.3,59.3,0.9,1,12.3,29.2,1.2,2.5,12,37,2.8,1.3,8,31,3,0.3,5,19,       .,       .,       .,       .,       .,       .,       .,       .,       .,       .,       .,       .,       .,0.4,2.4,8.4,2,1.3,12.7,1,5,11.9,59,1.7,2,11.4,49,9.8,1.8,2,5,20,8.8,1.9,2.8,9,31,60,2.6
3695,WK050313  ,Delft                                   ,District     ,WK050313  ,1,0.4,3.2,17.9,27.4,1.9,0.6,1.9,1,6.9,25.7,1.9,1,4,11.7,       .,       .,       .,       .,       .,0.3,5.2,23,36,0.3,17.6,88.4,124,1.3,3.1,18,54.3,0.4,13.7,50.6,57.2,0.3,21.5,100,139,0.3,37,150.9,181.5,0.9,20.2,51,199.3,0.3,8.4,55.3,92.9,0.3,7.7,41.3,79.3,0.4,4,21.3,43.1,0.4,11.9,15.5,43,0.4,7.9,11.5,35.3,0.6,5,6.9,21.4,       .,       .,       .,       .,       .,       .,       .,       .,       .,       .,       .,       .,       .,2.1,1.1,8.4,1.6,0.7,10.4,1.2,5,14.8,58,1.4,2.1,15.7,48.5,9.3,1.4,2,4.8,19,10.3,0.9,1.7,9,29.8,60.3,1
3696,BU05031300,Delft                                   ,Neighbourhood,BU05031300,1,       .,       .,       .,       .,       .,       .,       .,       .,       .,       .,       .,       .,       .,       .,       .,       .,       .,       .,       .,       .,       .,       .,       .,       .,       .,       .,       .,       .,       .,       .,       .,       .,       .,       .,       .,       .,       .,       .,       .,       .,       .,       .,       .,       .,       .,       .,       .,       .,       .,       .,       .,       .,       .,       .,       .,       .,       .,       .,       .,       .,       .,       .,       .,       .,       .,       .,       .,       .,       .,       .,       .,       .,       .,       .,       .,       .,       .,       .,       .,       .,       .,       .,       .,       .,       .,       .,       .,       .,       .,       .,       .,       .,       .,       .,       .,       .,       .,       .,       .,       .,       .,       .,       .,       .,       .,       .,       .,       .,       .,       .
3697,BU05031301,Delft                                   ,Neighbourhood,BU05031301,1,0.6,2.8,15.4,29.9,2.5,0.7,2.5,1,7,25,2.5,1,4,11,       .,       .,       .,       .,       .,0.3,3,20.5,39.4,0.5,7.8,83.3,132,2,4.1,19.3,52.7,0.3,4.5,47.8,57.3,0.6,5.8,93.3,146.7,0.3,6.7,148.8,188.4,1.2,21,60.2,195.5,0.5,5.8,45,105.1,0.5,5,38.5,90.6,0.5,2.5,17.1,47.3,0.4,10.7,18,49,0.4,6.7,14,38.8,0.7,4.6,9,25.5,       .,       .,       .,       .,       .,       .,       .,       .,       .,       .,       .,       .,       .,2,1.7,7.9,2.1,0.6,9.7,1.6,5,18.9,58,1.6,2.3,18.8,46.9,8.8,1.5,2,5,19,10.5,1.3,2.5,9,29.2,60.7,1.8
3698,BU05031302,Delft                                   ,Neighbourhood,BU05031302,1,0.6,2.6,16,29.8,2.1,0.6,2.1,1,7,25,2.1,1,4,11,       .,       .,       .,       .,       .,0.4,3,20.9,38.3,0.5,7.6,82,129.6,2,3.6,19.1,52.8,0.6,3.8,46.6,57,0.6,5,92.5,144.8,0.6,5.5,149.2,185.1,1.4,20.6,57.2,195.8,0.2,6.6,49.4,102,0.2,6.4,38.2,89.2,0.2,3.6,18.1,46.1,0.2,12,18,49.2,0.2,8,14,38.8,0.3,5,9,24.9,       .,       .,       .,       .,       .,       .,       .,       .,       .,       .,       .,       .,       .,2.2,1.7,8.2,2.1,0.3,9.7,1.7,5,17.4,58,1.8,2,17.3,46.6,8.9,1.7,2,5,19,10.6,1.4,2.4,9,29,60.1,1.6
3699,BU05031303,Delft                                   ,Neighbourhood,BU05031303,1,0.5,3.3,17.1,29.5,2.2,0.7,2.2,1,7,25.5,2.2,1,4,11.5,       .,       .,       .,       .,       .,0.2,4,22.1,39.8,0.2,15.8,87.5,133.2,1.5,4.2,18.8,53.9,0.4,13.9,50.3,57.5,0.3,17.9,98.9,148.4,0.2,30,150.5,190.2,0.8,21,58.2,198.6,0.5,8.3,53.3,103.7,0.4,7.3,41.8,87.8,0.4,4.2,20.1,47.5,0.4,12,17.4,45.1,0.6,8,13.4,36.3,0.4,5,8.4,23.1,       .,       .,       .,       .,       .,       .,       .,       .,       .,       .,       .,       .,       .,2.1,1.1,7.9,1.6,0.4,10.1,1.1,5,19,58,1.4,2.2,19.6,48.5,8.8,1.3,2,5,19,10.5,0.8,1.9,9.1,29.8,60.9,1.4
3700,BU05031304,Delft                                   ,Neighbourhood,BU05031304,1,0.4,3.2,19,27.2,1.6,0.8,1.6,1,7,25.3,1.6,1,4,11.3,       .,       .,       .,       .,       .,0.4,5.7,23.9,36.3,0.5,10.6,89.9,122.7,1.4,3,17.3,53.1,0.7,6.3,51.9,58,0.5,13.1,100.7,143,0.4,20.4,150.8,182.7,1,20,46.7,199.9,0.5,9.5,57.4,91.9,0.3,9.6,41.6,78,0.2,4.6,23.2,43.5,0.3,12,15.4,40.6,0.3,8,11.4,34.3,0.3,5,6.5,19.4,       .,       .,       .,       .,       .,       .,       .,       .,       .,       .,       .,       .,       .,2.3,1.2,8.6,1.7,0.6,10.2,1.2,5,11.5,58,1.6,2,13.9,48.3,9.5,1.6,2,5,19,10.5,0.9,1.7,9,29.7,60,0.8
3701,BU05031305,Delft                                   ,Neighbourhood,BU05031305,1,0.4,3.6,18.3,28.1,1.8,0.5,1.8,1,7,25.9,1.8,1,4,11.9,       .,       .,       .,       .,       .,0.4,5.6,23.2,37.7,0.2,24.6,89.1,128.1,1.2,3.2,18,54.8,0.3,23.8,50.5,57.4,0.3,31.7,101.5,143.9,0.2,61.9,151.5,186,0.6,20.5,53.1,200.2,0.2,9.4,56,95.2,0.2,8.7,40.5,81.4,0.3,4.2,21.3,44.7,0.4,12,15.6,41.5,0.5,8,11.6,34.2,0.4,5,6.8,20.3,       .,       .,       .,       .,       .,       .,       .,       .,       .,       .,       .,       .,       .,2.3,0.9,8.3,1.3,0.6,10.4,0.9,5,16,58,1.3,2,16.8,48.9,9.2,1.3,2,5,19,10.3,0.6,1.6,9,30,60.1,1
3702,BU05031306,Delft                                   ,Neighbourhood,BU05031306,1,0.3,2.7,19.3,24.1,1.3,0.7,1.3,1,6.5,25.9,1.3,1,4,11.9,       .,       .,       .,       .,       .,0.3,6.7,24.5,31.4,0.5,15.2,90.9,112.2,1,2,17,54.7,0.8,2.6,52.5,57,0.2,16,102.4,125.9,0.2,17.9,150.5,168.4,1.2,19.2,37.4,200.4,0.2,8.1,60.8,78.3,0.2,7.9,44.3,66,0.2,4.5,24.3,36.6,0.3,12,12.9,40.4,0.3,8,8.9,33.9,0.8,5,5,19.8,       .,       .,       .,       .,       .,       .,       .,       .,       .,       .,       .,       .,       .,1.9,1.2,9.1,1.6,1.1,10.8,1.4,5,9.2,58,1.4,2,10.7,48.9,10,1.3,2,4.1,19,10.1,1.2,1.3,9,30,60,0.4
3703,BU05031307,Delft                                   ,Neighbourhood,BU05031307,1,0.4,3.2,19,24.7,1.6,0.6,1.6,1,7,26,1.6,1,4,12,       .,       .,       .,       .,       .,0.4,6.3,24.5,31.4,0.3,20.9,90.9,113.4,1.1,2,17.3,55,0.3,17.1,52.1,56.9,0.2,29.9,103.1,127.3,0.2,51.7,152.1,172.5,0.8,19.3,45.5,200.7,0.2,9.2,58.9,82,0.2,8,42.2,69.6,0.6,3.8,23.1,38.4,0.3,12,13.4,40.3,0.3,8,9.4,34,0.8,5,5.4,19.7,       .,       .,       .,       .,       .,       .,       .,       .,       .,       .,       .,       .,       .,2.1,1,8.7,1.4,1.1,10.8,1,5,11.2,58,1.3,2,12.6,49,9.6,1.3,2,4.7,19,10.1,0.7,1.2,9,30,60,0.6
3704,WK050314  ,Delft                                   ,District     ,WK050314  ,1,0.5,2.2,13.7,27.8,2.1,0.8,2.1,1,6.6,24.3,2.1,1,3.8,11,       .,       .,       .,       .,       .,0.8,1.2,17.1,35.8,0.7,3.5,65.3,124.4,2.5,3.5,17.9,51,0.9,0.6,38.1,57.1,0.7,2.6,71.8,137.2,0.7,1.8,116.3,179.3,2.1,19,44.3,193.5,0.4,4,39.9,89.8,0.4,3.8,32.1,74.4,0.7,1.7,16.4,39.4,1,10.1,15.8,44.2,1,6.6,11.8,36.5,1.1,4.9,7.3,20.8,       .,       .,       .,       .,       .,       .,       .,       .,       .,       .,       .,       .,       .,1.8,2.4,8.8,1.5,1.4,9.2,2.4,5,11.4,57.4,2.6,2.1,13.1,46.3,9.5,2.5,2,4.3,18.7,9.9,2.1,2.9,9,28,60,1.5
3705,BU05031400,Delft                                   ,Neighbourhood,BU05031400,1,0.2,3,12.1,28.5,2.6,0.4,2.6,1,7,24.9,2.6,1,4,11,       .,       .,       .,       .,       .,0.3,2,18.2,37.2,0.2,4.1,74.6,128.8,2.7,3.7,19.6,50.4,0.3,1.2,45.7,57.5,0.2,3,82,142.3,0.2,2.3,142.7,182.2,1.9,19.8,57,192.8,0.2,5.4,36.9,96.9,0.4,4.3,31.2,80.7,0.8,1.6,15.2,42.6,0.8,9.9,17.3,49.5,0.8,6.2,13.3,40,1.1,5,8.3,25.2,       .,       .,       .,       .,       .,       .,       .,       .,       .,       .,       .,       .,       .,2,2.3,8.2,1.8,1.1,9.2,2.3,5,15.3,57.7,2.3,2.3,16.3,46,8.8,2.2,2,5,19,10.1,2,3,9,28.8,60,2.1
3706,BU05031401,Delft                                   ,Neighbourhood,BU05031401,1,0.3,3,15.1,29,2.2,0.3,2.2,1,7,25,2.2,1,4,11,       .,       .,       .,       .,       .,0.3,2.7,19.9,36.5,0.2,5.6,79.7,127.4,2.4,3.5,19.4,52,0.3,1.2,46,57.4,0.2,3.7,86.4,143.5,0.3,3.1,145.6,182.5,1.8,20,57,193.8,0.2,5.4,43.6,99.3,0.2,6.5,33.7,83.1,0.6,3.1,17.4,43.4,0.6,11.8,17.3,49.5,0.6,7.8,13.3,40,0.7,5,8.3,25.2,       .,       .,       .,       .,       .,       .,       .,       .,       .,       .,       .,       .,       .,2,2.1,8.2,1.9,0.7,9.2,2,5,15.6,58,2.3,2.3,16.4,46,8.8,2.1,2,5,19,10.1,1.8,2.6,9,29,60,1.8
3707,BU05031402,Delft                                   ,Neighbourhood,BU05031402,1,0.8,1.9,14.4,26.4,2.3,0.9,2.3,1,6.6,25,2.3,1,4,11,       .,       .,       .,       .,       .,0.9,0.8,19.3,34.8,0.7,3.5,77.9,121.4,2.4,3,17.5,51.2,0.8,0.9,46,57,0.7,2.5,84.2,138.4,0.8,1.8,144.8,176.8,1.9,19.9,43.7,192.8,0.5,3.3,41.9,86.2,0.4,4.9,30.7,69.4,0.8,1.4,15.9,37.4,0.6,11.7,16.3,41.5,0.9,7.8,12.3,34.9,0.6,5,7.4,20.3,       .,       .,       .,       .,       .,       .,       .,       .,       .,       .,       .,       .,       .,2.5,2.2,8.7,2.3,1,9.6,2.1,5,10.4,58,2.5,2,13.8,46,9.3,2.4,2,4.9,19,10.5,1.9,2.6,9,29,60,1.8
3708,BU05031403,Delft                                   ,Neighbourhood,BU05031403,1,0.7,2,17.3,26,1.9,1.2,1.9,1,6.3,25,1.9,1,4,11,       .,       .,       .,       .,       .,0.8,1.1,21.7,34.8,0.8,2,83.5,118.9,1.7,2.3,16.8,53,1,0.4,47.6,57,0.9,1.4,92.7,136.7,0.8,2.8,147.7,175.5,1.4,19.9,37.9,197,0.9,3.4,51.3,84.2,0.5,5.5,37.2,70.9,0.7,2.7,19.3,37.9,0.3,12,13.1,39.9,0.6,8,9.1,34,0.3,5,5,18.9,       .,       .,       .,       .,       .,       .,       .,       .,       .,       .,       .,       .,       .,2.6,1.6,9.1,2,1.2,10.2,1.6,5,9,58,2,2,12.9,47.7,9.8,2,2,4,19,10.8,1.3,2,9,29,60,1.1
3709,BU05031404,Delft                                   ,Neighbourhood,BU05031404,1,0.6,1.7,17.7,25.4,0.9,1.1,0.9,1,5.5,24.9,0.9,1,3.4,11.2,       .,       .,       .,       .,       .,0.9,1,23,31.3,0.8,1.8,84.4,108,1.6,2,15.5,53.2,1.1,0.2,48.3,56.9,0.8,2.2,94.3,124.6,0.9,1.9,148.9,163.5,1.5,18.5,32.5,198.5,0.4,2.3,52.4,77.9,0.4,2.3,37.9,67.1,1,1.1,21.6,35.1,0.7,12,12.3,38.3,0.7,8,8.3,32.9,0.8,5,5,17.9,       .,       .,       .,       .,       .,       .,       .,       .,       .,       .,       .,       .,       .,2.1,1.8,9.3,1.3,1.4,10.5,1.7,5,9,58,2.1,2,8.7,48.4,10.2,2.1,2,3.4,19,10.4,1.4,2,9,28.9,60,1.1
3710,BU05031405,Delft                                   ,Neighbourhood,BU05031405,1,0.4,2.6,11.1,28.2,2.7,0.8,2.7,1,7.1,24.2,2.7,1,4,11,       .,       .,       .,       .,       .,0.8,1,14.6,38.4,0.7,3.2,59.8,132,3,4.2,19.5,50.1,0.7,0.8,36.1,57.8,0.7,2.4,65,141.8,0.7,1.7,109.4,184.7,2.4,19.1,46.8,191.5,0.5,4.3,34.1,91.2,0.4,4.1,29.4,74.5,0.5,1.3,14.1,39.8,1.2,8.5,17.6,46.3,1.2,5.4,13.6,38.1,1.4,4.8,8.6,21.7,       .,       .,       .,       .,       .,       .,       .,       .,       .,       .,       .,       .,       .,1.6,2.7,8.6,1.5,1.4,8.8,2.7,5,11.1,57,2.8,2,14.3,45.7,9.2,2.7,2,5,18.8,9.6,2.4,3.3,9,27.9,60,1.8
3711,BU05031406,Delft                                   ,Neighbourhood,BU05031406,1,0.6,1.7,11.4,29.6,2.5,1.1,2.5,1,7,23.2,2.5,1,4,11,       .,       .,       .,       .,       .,1,0.5,10.2,38.1,1,2,32,136.1,3.4,4.7,18.1,48.8,1.2,0.3,16.4,56.9,1,1.3,35.9,140.6,1,0.7,44,189,2.8,18.1,43.1,190.3,0.4,4,30.4,93.9,0.4,3.1,29.1,76.1,0.4,2.2,12.8,41.4,1.6,8.1,16.6,46,1.6,5.1,12.6,37.7,1.8,4.9,7.8,20.1,       .,       .,       .,       .,       .,       .,       .,       .,       .,       .,       .,       .,       .,1.1,3.2,8.8,1.1,2,8.3,3.2,5,10.1,56.3,3.2,2,13.5,45,9.4,3.1,2,4.6,18,9.2,2.9,3.8,9,26.3,60,1.4
3712,BU05031407,Delft                                   ,Neighbourhood,BU05031407,1,0.7,1.7,16.9,25,0.9,0.8,0.9,1,5,24.2,0.9,1,3,11.2,       .,       .,       .,       .,       .,0.9,0.9,22,30.1,0.7,5.7,80.5,100.5,1.6,2,14.2,53.2,1.5,0,48,56.2,0.7,4.7,88.4,121.1,0.8,1.9,146.3,162.2,1.9,17.7,28.8,197.5,0.6,2.4,49.4,76.8,0.6,1.3,35.3,65.8,1.1,0.3,21.3,32.6,0.9,12,12,34.5,0.9,8,8,29.3,0.9,5,5,15.2,       .,       .,       .,       .,       .,       .,       .,       .,       .,       .,       .,       .,       .,1.8,2.1,9.7,1.1,1.7,10,2.1,5,9,58,2.2,2,7,48,10.6,2.2,2,2,19,10.4,1.8,2.1,9,28,60,0.9
3713,WK050316  ,Delft                                   ,District     ,WK050316  ,1,1.6,0.2,5.3,19.2,4.7,1.8,4.5,0.6,5.1,24.8,4.7,0.5,2.4,12.4,       .,       .,       .,       .,       .,1.8,0.1,8.6,27.1,1.6,0.5,42.5,97.3,2.4,3.1,13.6,53.6,1.3,0.5,33.1,54.4,0.9,1.2,52.8,109.4,1.2,1.6,96.6,163.2,0.5,17.7,40.2,194.7,0.5,1.9,21.2,54.9,1.1,1.5,16.7,48.1,1.4,0.4,9,24.8,1.9,2.2,9.9,33.7,3.4,0.8,6,27,3.5,0.5,4.7,17.4,       .,       .,       .,       .,       .,       .,       .,       .,       .,       .,       .,       .,       .,1.6,3.2,9,2.2,2,12.7,2.3,4.9,11.7,58.2,2.5,1.9,8.5,48.9,10.4,2.5,1.9,3.5,19.3,8.1,2.6,3.2,8.1,29.3,59.7,3.5
3714,BU05031600,Delft                                   ,Neighbourhood,BU05031600,1,       .,       .,       .,       .,       .,       .,       .,       .,       .,       .,       .,       .,       .,       .,       .,       .,       .,       .,       .,       .,       .,       .,       .,       .,       .,       .,       .,       .,       .,       .,       .,       .,       .,       .,       .,       .,       .,       .,       .,       .,       .,       .,       .,       .,       .,       .,       .,       .,       .,       .,       .,       .,       .,       .,       .,       .,       .,       .,       .,       .,       .,       .,       .,       .,       .,       .,       .,       .,       .,       .,       .,       .,       .,       .,       .,       .,       .,       .,       .,       .,       .,       .,       .,       .,       .,       .,       .,       .,       .,       .,       .,       .,       .,       .,       .,       .,       .,       .,       .,       .,       .,       .,       .,       .,       .,       .,       .,       .,       .,       .
3715,BU05031601,Delft                                   ,Neighbourhood,BU05031601,1,       .,       .,       .,       .,       .,       .,       .,       .,       .,       .,       .,       .,       .,       .,       .,       .,       .,       .,       .,       .,       .,       .,       .,       .,       .,       .,       .,       .,       .,       .,       .,       .,       .,       .,       .,       .,       .,       .,       .,       .,       .,       .,       .,       .,       .,       .,       .,       .,       .,       .,       .,       .,       .,       .,       .,       .,       .,       .,       .,       .,       .,       .,       .,       .,       .,       .,       .,       .,       .,       .,       .,       .,       .,       .,       .,       .,       .,       .,       .,       .,       .,       .,       .,       .,       .,       .,       .,       .,       .,       .,       .,       .,       .,       .,       .,       .,       .,       .,       .,       .,       .,       .,       .,       .,       .,       .,       .,       .,       .,       .
3716,BU05031602,Delft                                   ,Neighbourhood,BU05031602,1,1.7,0.3,5.6,19.2,4.7,1.9,4.7,0.4,4.7,25.2,4.7,0.4,2.1,12.6,       .,       .,       .,       .,       .,1.8,0.1,8.8,26.8,1.7,0.2,48.7,96.8,2.3,3,13.5,53.7,0.9,0.6,38.8,55.1,1,0.8,58.3,109.6,1.5,1.8,114.7,161.1,0.4,17.6,35.1,195.1,0.2,1.8,22.6,52.3,1.2,1.5,16.3,45.3,1.6,0.4,9.5,23.6,1.6,2.4,9.6,32.3,3.4,0.8,5.6,25.9,3.5,0.6,4.5,16.2,       .,       .,       .,       .,       .,       .,       .,       .,       .,       .,       .,       .,       .,1.7,3.1,9.3,2.2,1.6,12.7,2.3,5,9.5,58.4,2.2,2,6,49,10.7,2.4,2,3.1,19.4,7.9,2.5,3,8.4,29.5,59.4,3.4
3717,BU05031603,Delft                                   ,Neighbourhood,BU05031603,1,       .,       .,       .,       .,       .,       .,       .,       .,       .,       .,       .,       .,       .,       .,       .,       .,       .,       .,       .,       .,       .,       .,       .,       .,       .,       .,       .,       .,       .,       .,       .,       .,       .,       .,       .,       .,       .,       .,       .,       .,       .,       .,       .,       .,       .,       .,       .,       .,       .,       .,       .,       .,       .,       .,       .,       .,       .,       .,       .,       .,       .,       .,       .,       .,       .,       .,       .,       .,       .,       .,       .,       .,       .,       .,       .,       .,       .,       .,       .,       .,       .,       .,       .,       .,       .,       .,       .,       .,       .,       .,       .,       .,       .,       .,       .,       .,       .,       .,       .,       .,       .,       .,       .,       .,       .,       .,       .,       .,       .,       .
3718,BU05031604,Delft                                   ,Neighbourhood,BU05031604,1,1.3,0,4.6,18,4.8,1.4,4.8,0.7,4,24.7,4.8,0.7,2,13,       .,       .,       .,       .,       .,1.4,0,6.1,27.2,1.4,0,16,96.7,3,3,9.6,54.2,1.9,0,8.7,54,0.3,1,22.8,111.4,1.5,0,16.8,161.6,0.8,15.6,27.3,194.4,0.6,2.1,15,47.1,1.4,0,12,40,1.5,0,6,24.6,2.7,1,9.7,27,3.9,0,6.1,21,3.9,0,4.3,14,       .,       .,       .,       .,       .,       .,       .,       .,       .,       .,       .,       .,       .,2.2,3.6,10.3,1.6,2.8,11.9,2.1,5,8,58,3,2,4,50.4,11.6,2.9,2,2,19,6.7,3.1,2.2,5,28.7,59,3
3719,WK050322  ,Delft                                   ,District     ,WK050322  ,1,0.6,1.4,7.3,18,2.7,1.2,2.7,1,2.2,25.3,2.7,1,2,12.3,       .,       .,       .,       .,       .,0.5,1.2,10.3,24.3,0.5,3.3,24.8,83.9,2.5,2,11,54.1,1.1,0.3,3,50.3,0.4,2.7,22.3,97.7,0.5,2,14.8,143.1,4,10.6,26.3,204.2,0.6,2.3,22.8,53.5,0.4,2.4,13.6,38.2,0.5,2.9,10.1,23.4,2.1,5,11.3,31.1,2.1,5,8,24.3,2.4,1.9,5,15.4,       .,       .,       .,       .,       .,       .,       .,       .,       .,       .,       .,       .,       .,0.7,2.4,12,2.2,2.5,12.2,4.2,4.2,6.8,58.5,4,1.8,4.6,49.9,11.7,4,1.7,3.6,18.9,8.1,1.2,3.8,7.3,29.5,58.4,3.1
3720,BU05032200,Delft                                   ,Neighbourhood,BU05032200,1,0.9,1,8.2,19.1,2.4,1.3,2.4,1,3.4,26,2.4,1,2,13,       .,       .,       .,       .,       .,0.9,1.9,12,25.8,0.8,3.9,26.9,90,2.2,2,12,55.1,0.8,1,3,52.9,0.8,3.9,26.8,104.9,0.9,1.9,19.5,151.7,3.7,12,27,205,1,0.6,24.4,60.7,0.7,2.1,15,43.2,0.7,2.8,11.1,25.9,1.8,5.3,12,31.7,1.8,5.3,8,25.4,2.1,2,5,15.2,       .,       .,       .,       .,       .,       .,       .,       .,       .,       .,       .,       .,       .,0.4,2.3,11.7,1.9,1.9,11.6,3.9,5,6.2,58.1,3.8,2,4,50,11.3,3.8,2,3,19.1,8.5,0.9,3.7,8,30,59.8,2.8
3721,BU05032201,Delft                                   ,Neighbourhood,BU05032201,1,0.8,1,7.1,17.8,2.7,1.6,2.7,1,2.2,26,2.7,1,2,13,       .,       .,       .,       .,       .,0.7,1.2,10.2,24.5,0.6,3.3,25.6,84.5,2.5,2,10.7,53.7,1.1,0.3,3,51,0.6,2.5,22.4,98.2,0.7,2,14.4,144.4,4,10.9,26.5,205,1,1,22.6,53.5,0.5,1.9,13.8,38.8,0.5,2.8,10.1,23.3,2.1,5,11.3,31,2.1,5,8,24.6,2.3,2,5,14.4,       .,       .,       .,       .,       .,       .,       .,       .,       .,       .,       .,       .,       .,0.5,2.6,12,2.2,2.1,11.7,4.2,4.2,5.7,58.3,4.1,1.8,3.4,50,11.4,4.1,1.7,3,19,8.4,1.1,3.9,7.3,29.3,58.4,3.1
3722,BU05032202,Delft                                   ,Neighbourhood,BU05032202,1,0.5,0.9,7,18,2.7,1.4,2.7,1,2,25.2,2.7,1,2,12.2,       .,       .,       .,       .,       .,0.5,1.2,10.7,24.5,0.4,3.2,26.3,84.4,2.5,2,10.7,54,1.1,0.3,3,51.8,0.4,2.5,23.8,98.4,0.5,1.9,15.7,146,4,11.3,25.8,204.9,0.8,1.5,23.3,54.5,0.4,2.1,14.1,38.5,0.4,2.8,10.3,23.4,2.1,5,11.3,30,2.1,5,8,23.6,2.3,2,5,14.9,       .,       .,       .,       .,       .,       .,       .,       .,       .,       .,       .,       .,       .,0.7,2.5,12,2.1,2.4,12.1,4.1,4.5,6.3,58.5,4,2,4.5,50.1,11.7,4,2,3.5,19,8.2,1.1,3.9,7.5,29.5,58.5,3.1
3723,BU05032203,Delft                                   ,Neighbourhood,BU05032203,1,0.5,2.3,8.2,19.6,2.6,0.8,2.6,1,2.6,25,2.6,1,2,12,       .,       .,       .,       .,       .,0.5,1.6,12.1,25.4,0.5,3.9,26.8,88.8,2.4,2,11.7,55.5,1,0.7,3,52,0.4,4.2,26.8,104.7,0.5,2.2,19.1,150.7,3.7,11.8,27,203.5,0.3,4,24.9,58.7,0.3,3.2,15.1,42.3,0.6,2.9,11.1,25.3,2,5.4,11.8,32.4,2,5.4,8,25.4,2.2,2,5,16.5,       .,       .,       .,       .,       .,       .,       .,       .,       .,       .,       .,       .,       .,0.7,2,11.8,2.1,2.7,12.5,3.9,4.9,7.5,58.9,3.7,2,5.6,49.5,11.9,3.7,2,4,18.8,7.9,1,3.4,7.6,29.9,59.2,2.8
3724,BU05032204,Delft                                   ,Neighbourhood,BU05032204,1,0.6,1.2,6.9,16.9,2.9,1.2,2.9,1,2,25.1,2.9,1,2,12.1,       .,       .,       .,       .,       .,0.5,1,8.7,23.2,0.5,2.9,21.9,79.2,2.7,2,10.9,53.4,1.3,0,2.9,47.5,0.4,2,17.9,91.5,0.5,2,11,134.3,4.2,9.1,26,203.8,0.4,2.5,21.1,48.9,0.4,2.3,12,34.3,0.4,3,9.4,21.8,2.3,4.7,11,30.9,2.3,4.7,8,23.9,2.6,1.7,5,15.6,       .,       .,       .,       .,       .,       .,       .,       .,       .,       .,       .,       .,       .,0.9,2.6,12.2,2.4,2.7,12.4,4.4,3.5,7.4,58.3,4.3,1.5,4.9,49.9,11.7,4.3,1.4,3.9,18.8,7.8,1.4,4.1,7.1,29.3,57.6,3.3
3725,BU05032205,Delft                                   ,Neighbourhood,BU05032205,1,       .,       .,       .,       .,       .,       .,       .,       .,       .,       .,       .,       .,       .,       .,       .,       .,       .,       .,       .,       .,       .,       .,       .,       .,       .,       .,       .,       .,       .,       .,       .,       .,       .,       .,       .,       .,       .,       .,       .,       .,       .,       .,       .,       .,       .,       .,       .,       .,       .,       .,       .,       .,       .,       .,       .,       .,       .,       .,       .,       .,       .,       .,       .,       .,       .,       .,       .,       .,       .,       .,       .,       .,       .,       .,       .,       .,       .,       .,       .,       .,       .,       .,       .,       .,       .,       .,       .,       .,       .,       .,       .,       .,       .,       .,       .,       .,       .,       .,       .,       .,       .,       .,       .,       .,       .,       .,       .,       .,       .,       .
3726,WK050323  ,Delft                                   ,District     ,WK050323  ,1,0.6,1.7,8.9,20.6,3.2,0.8,3.2,1,3.7,25,3.2,1,2.3,12,       .,       .,       .,       .,       .,0.5,1.1,12.9,26.5,0.5,2,27.3,92.8,2.3,2,11.6,56.2,0.5,1,3.6,52.4,0.5,2.6,27.6,109.1,0.5,1,23.4,153.5,3.3,12.3,27.9,202.2,0.4,4.7,24,60.8,0.4,3.8,14.7,45.7,0.5,2.1,11.3,27,1.9,4.9,12,33.1,1.9,4.7,8,26.1,2.9,0.9,5,16.8,       .,       .,       .,       .,       .,       .,       .,       .,       .,       .,       .,       .,       .,0.8,1.4,11.5,2.5,3.5,13.3,3.5,5,8.9,59,3.4,2,5.4,49.9,11.7,3.4,2,3.9,19.1,7.7,2,3,7.5,30,59.7,2.4
3727,BU05032300,Delft                                   ,Neighbourhood,BU05032300,1,0.3,1.9,11,21.9,2.7,0.6,2.7,1,6,25,2.7,1,3,12,       .,       .,       .,       .,       .,0.5,2,16,27,0.6,2,32.8,96,1.8,2,12.7,56.9,0.6,1,10.9,53,0.4,3,39.2,112,0.5,1,41.5,157,2.8,13,29.9,203,0.1,9,34,67.9,0.5,7,21,52.8,0.7,3,15,30.9,1.4,7,12,34.5,1.4,6,8,27.6,2.4,2,5,16.7,       .,       .,       .,       .,       .,       .,       .,       .,       .,       .,       .,       .,       .,0.3,0.9,11,1.9,3.1,12.8,3,5,8.9,59,2.8,2,5.7,49,11.9,2.8,2,3.9,19,8,1.6,2.4,8,30,60,1.9
3728,BU05032301,Delft                                   ,Neighbourhood,BU05032301,1,0.2,2,10.2,21.1,2.9,0.4,2.9,1,5.3,25,2.9,1,2.9,12,       .,       .,       .,       .,       .,0.4,1.2,13.6,27,0.4,2,29.5,95.1,2,2,12.8,56.9,0.4,1,6.6,52.9,0.3,3,31,111.3,0.3,1,30.7,155.9,3,12.8,28.7,203.3,0.2,6.8,28.8,65.9,0.3,5.1,17.9,50.3,0.6,2.3,13.4,30.1,1.6,6.7,12,34.6,1.6,6.1,8,27.6,2.6,1.7,5,17,       .,       .,       .,       .,       .,       .,       .,       .,       .,       .,       .,       .,       .,0.5,1.2,11.2,2.2,3.2,12.9,3.2,5,9.5,59,3.1,2,6,49.9,11.7,3.1,2,4,19.4,7.7,1.6,2.6,8,30,60,2.1
3729,BU05032302,Delft                                   ,Neighbourhood,BU05032302,1,0.6,1.8,10.1,21.1,3,0.9,3,1,5.3,25,3,1,2.9,12,       .,       .,       .,       .,       .,0.4,1.1,13.4,27,0.4,2,29.3,95.1,2,2,11.5,56.4,0.4,1,5.9,52.9,0.4,2.9,30.3,111.2,0.4,1,28.9,155.3,3,12.8,27.8,202.7,0.5,5.5,27.6,65.8,0.6,4.2,17.2,49.9,0.6,2.2,13.1,30.1,1.7,6.5,12,34,1.7,6,8,27,2.6,1.5,5,16.5,       .,       .,       .,       .,       .,       .,       .,       .,       .,       .,       .,       .,       .,0.5,1,11.2,2.2,3.3,13,3.2,5,7.5,59,3.1,2,5,49.2,12,3.1,2,3.5,19,8.1,2,2.7,8,30,60,2.1
3730,BU05032303,Delft                                   ,Neighbourhood,BU05032303,1,0.6,1.9,8.3,20.3,3.4,0.7,3.4,1,2.8,25,3.4,1,2,12,       .,       .,       .,       .,       .,0.6,1,12.6,26.3,0.6,2.1,26.1,91.6,2.5,2,11.5,56.1,0.6,1,2.1,52.1,0.5,2.6,25.9,107.9,0.5,1,19.8,152.4,3.5,12,27.7,202.8,0.3,4.8,22.4,58.3,0.3,3.6,13.6,43.6,0.4,2.1,10.5,25.6,2.1,4.3,12,32.5,2.1,4.3,8,25.5,3,0.6,5,16.8,       .,       .,       .,       .,       .,       .,       .,       .,       .,       .,       .,       .,       .,1,1.7,11.7,2.6,3.6,13.4,3.6,5,9.8,59,3.5,2,5.3,50.3,11.5,3.5,2,4,19.5,7.5,2,3.1,7.2,30,59.7,2.6
3731,BU05032304,Delft                                   ,Neighbourhood,BU05032304,1,0.8,1.6,8.7,20.9,3.3,0.9,3.3,1,3.2,25,3.3,1,2.1,12,       .,       .,       .,       .,       .,0.5,1,12.9,26.7,0.5,2,26.4,92.6,2.3,2,11,56,0.5,1,2.3,52.2,0.5,2.2,26.3,109.1,0.5,1,21.1,153.2,3.4,12.1,27.9,201.2,0.4,3,22.1,60.2,0.4,3,13.5,44.8,0.4,2,10.5,26.7,2,4.9,12,33,2,4.8,8,26,2.9,0.7,5,17,       .,       .,       .,       .,       .,       .,       .,       .,       .,       .,       .,       .,       .,0.9,1.3,11.5,2.5,3.6,13.3,3.5,5,8.1,59,3.4,2,5.5,49.7,11.8,3.4,2,4,18.9,7.8,2.3,3,7.4,30,59.9,2.5
3732,BU05032305,Delft                                   ,Neighbourhood,BU05032305,1,0.9,1,7.1,19.2,3.6,1.1,3.6,1,2.5,25,3.6,1,2,12,       .,       .,       .,       .,       .,0.8,1,11.6,25.4,0.8,2,25.9,89.8,2.6,2,10.7,55.1,0.8,1,2,52,0.7,2,25.5,106.1,0.7,1,17.9,150.8,3.7,12,27.1,199.9,0.5,2.8,19.1,54.4,0.5,3.1,11.1,39.9,0.5,2,9.3,23,2.3,1.7,12,31.5,2.3,1.7,8,24.5,3.2,0.1,5,16.4,       .,       .,       .,       .,       .,       .,       .,       .,       .,       .,       .,       .,       .,1.2,1.7,11.8,2.8,3.9,13.6,3.8,5,8,59,3.7,2,4.9,49.8,11.7,3.7,2,4,18.4,7.8,2.4,3.3,7,30,58.9,2.8
3733,WK050324  ,Delft                                   ,District     ,WK050324  ,1,0.5,2.3,15.9,22.1,1.8,0.8,1.8,1,5.1,25,1.8,1,2.8,12,       .,       .,       .,       .,       .,0.3,5.7,22.2,27.6,0.4,16,77.7,97.5,0.8,2,12.3,55.6,1.3,0.2,45.9,54.3,0.5,12.7,89.1,115.1,0.5,10.2,133.9,159.2,1.9,15.7,28.3,202.7,0.3,6.7,45.8,70.7,0.4,3.2,32.6,56.7,0.6,1.8,19.8,31.4,0.6,11.3,12,32,0.6,7.8,8,26.5,1.5,5,5,14.6,       .,       .,       .,       .,       .,       .,       .,       .,       .,       .,       .,       .,       .,1,1.1,10.1,1.1,2.1,11.8,2.1,5,8,58.6,2,2,5.8,49,11,2,2,2.4,19.3,9.2,1.8,1.8,9.2,29.4,60,1.1
3734,BU05032400,Delft                                   ,Neighbourhood,BU05032400,1,0.8,2.6,19.4,22.2,1.5,0.5,1.5,1,4.6,25.3,1.5,1,2.6,12,       .,       .,       .,       .,       .,0.3,7.6,25,28.1,0.3,16.2,90.2,100.2,0.5,2,14.3,54.4,1.2,0.6,51.6,56.1,0.3,15.9,101.7,115.7,0.2,15.9,149.6,159.2,1.4,17.8,29.3,201.1,0.2,4.9,54.4,72.4,0.2,2.9,39.6,60.6,0.2,1.8,22.7,31.6,0.8,12,12,34.9,0.8,8,8,28.9,1.4,5,5,16.2,       .,       .,       .,       .,       .,       .,       .,       .,       .,       .,       .,       .,       .,1.7,1.3,9.6,1.1,1.7,11.4,1.6,5,8,58,1.5,2,7.5,49,10.5,1.5,2,2.4,19.3,9.9,1.6,1.3,9,29.3,60,0.5
3735,BU05032401,Delft                                   ,Neighbourhood,BU05032401,1,0.3,2.8,18.7,22.1,1.4,0.5,1.4,1,4.5,25,1.4,1,2.5,12,       .,       .,       .,       .,       .,0.2,8.5,24.2,28.2,0.1,20,88.9,98.1,0.3,2,13.9,55.1,1.4,0,51,55.6,0.1,16.8,99.3,116,0.2,14.9,147.6,160.4,1.7,17.2,28.6,202.1,0.3,7,54.6,72.7,0.6,3.5,38.5,60.2,0.7,2.1,24,32.6,0.4,12,12,33.3,0.4,8,8,27.3,1.1,5,5,15.2,       .,       .,       .,       .,       .,       .,       .,       .,       .,       .,       .,       .,       .,1.3,1.5,9.8,0.7,1.9,11.4,1.8,5,8,58.2,1.7,2,6.8,49,10.7,1.7,2,2,19.7,9.5,1.6,1.6,9.4,29,60,0.7
3736,BU05032402,Delft                                   ,Neighbourhood,BU05032402,1,0.5,4,19.4,23,1.2,0.4,1.2,1,5.8,26,1.2,1,3.6,12,       .,       .,       .,       .,       .,0.1,8.5,25.8,29.6,0.2,19.7,92.6,107.2,0.7,2,16.2,55.6,0.7,4.8,53,57,0.2,18.2,104.7,121.1,0.1,25.8,152.8,162.3,1,18.8,35.6,202.8,0.5,8.7,61.2,74.5,0.5,5.2,43.6,63.4,0.5,2.3,24.4,33.7,0.5,12,12,39.2,0.5,8,8,33.2,1.1,5,5,19.2,       .,       .,       .,       .,       .,       .,       .,       .,       .,       .,       .,       .,       .,1.5,0.9,9.2,1.2,1.4,11.1,1.1,5,8,58,1,2,9.5,49,10.1,1,2,4,20,9.7,1.2,0.9,9,30,60,0.2
3737,BU05032403,Delft                                   ,Neighbourhood,BU05032403,1,0.3,2,18.4,22,1.7,0.6,1.7,1,4.4,25,1.7,1,2.4,12,       .,       .,       .,       .,       .,0.4,7.2,24.3,28.1,0.3,17.7,88.3,97,0.9,2,14.1,55.2,1.2,0.1,51.2,55.4,0.2,16,100.2,114.8,0.3,14.5,148.9,158.6,1.5,17.8,29.8,201.7,0.2,4.8,51.9,72,0.8,2.6,38.4,59.9,0.9,1.6,21.3,31,0.9,12,12,35,0.9,8,8,29,1.5,5,5,16.4,       .,       .,       .,       .,       .,       .,       .,       .,       .,       .,       .,       .,       .,1.4,1.2,9.6,1.2,1.9,11.6,1.6,5,8,58.1,1.5,2,6.9,49,10.6,1.5,2,2.1,19.9,9.6,1.6,1.4,9.2,29.1,60,0.7
3738,BU05032404,Delft                                   ,Neighbourhood,BU05032404,1,0.2,2,13.8,22,1.7,1,1.7,1,5.3,25,1.7,1,3,12,       .,       .,       .,       .,       .,0.6,4.5,19.9,27.4,0.6,14.8,66.4,97.1,0.7,2,10.8,55.9,1.4,0,39.2,53.7,0.7,9.4,77.9,114.8,0.6,5.5,114.5,159.7,2.3,14.1,26.4,203.2,0.2,6.9,38.5,70.2,0.3,3,26.5,55.4,0.3,1.5,17.1,31.6,0.4,10.6,12,30.3,0.4,7.6,8,25.2,1.3,5,5,13.4,       .,       .,       .,       .,       .,       .,       .,       .,       .,       .,       .,       .,       .,0.8,1.1,10.5,0.9,2.3,11.7,2.5,5,8,58.9,2.4,2,4.7,49,11.4,2.4,2,2.4,19,9,1.9,2.2,8.7,29.5,60,1.4
3739,BU05032405,Delft                                   ,Neighbourhood,BU05032405,1,0.3,2.4,15,22.1,1.7,0.8,1.7,1,5.3,25,1.7,1,3,12,       .,       .,       .,       .,       .,0.4,5.7,21.9,27.6,0.4,16.9,75.6,97.3,0.7,2,11.7,55.9,1.3,0.1,45,53.7,0.4,12.8,85.9,115.5,0.5,8.9,130.9,159.8,2.1,15,28,203.1,0.3,7,43,70.4,0.3,3.4,30.5,55.3,0.6,2.1,18.8,31.6,0.4,11,12,31.3,0.4,7.8,8,26,1.3,5,5,13.8,       .,       .,       .,       .,       .,       .,       .,       .,       .,       .,       .,       .,       .,0.7,1.1,10.3,0.9,2.2,11.7,2.3,5,8,58.9,2.2,2,5,49,11.2,2.2,2,2.5,19,9,1.7,2,9.4,29.5,60,1.2
3740,BU05032406,Delft                                   ,Neighbourhood,BU05032406,1,0.7,2.1,14.1,22,2.1,0.9,2.1,1,5.5,25,2.1,1,3,12,       .,       .,       .,       .,       .,0.3,3.8,20.7,27.1,0.6,12.9,69.8,96.3,1.2,2,11.3,56.1,1.3,0.2,42.1,53.4,0.7,9.6,81.6,114.2,0.7,6.5,124,158.2,2.2,14.6,27.9,203.6,0.3,7.7,41.1,69.2,0.3,3.5,28.6,54.1,0.6,1.9,17.8,31,0.8,10.8,12,30.7,0.8,7.7,8,25.4,1.8,5,5,13.9,       .,       .,       .,       .,       .,       .,       .,       .,       .,       .,       .,       .,       .,0.6,0.8,10.4,1.3,2.4,12.2,2.3,5,8,59,2.2,2,5.2,49,11.3,2.2,2,2.6,19.1,8.9,2,2.1,9.2,29.6,60,1.3
3741,BU05032407,Delft                                   ,Neighbourhood,BU05032407,1,0.8,1.8,13.2,22,2.2,1,2.2,1,5.2,25,2.2,1,3,12,       .,       .,       .,       .,       .,0.3,2.6,19.5,27,0.7,12.3,66.3,96,1.3,2,10.4,55.8,1.4,0,41.2,53,0.8,8.2,79.3,113.8,0.8,4.7,121.5,158,2.3,14.1,26.5,203.1,0.4,6.7,38.2,68.3,0.4,2.9,27.3,52.9,0.4,1.5,16.9,30,0.9,10.8,12,28.9,0.9,7.8,8,23.9,1.8,5,5,13.2,       .,       .,       .,       .,       .,       .,       .,       .,       .,       .,       .,       .,       .,0.8,0.8,10.4,1.4,2.5,12.3,2.4,5,8,58.8,2.3,2,4.9,49,11.4,2.3,2,2.4,19,9,2.2,2.2,9.1,29.4,60,1.4
3742,BU05032408,Delft                                   ,Neighbourhood,BU05032408,1,1.1,0.1,12.2,22,2.3,1,2.3,1,5,25,2.3,1,3,12,       .,       .,       .,       .,       .,0.6,1.3,18.5,27,0.7,8.2,63.2,96,1.4,2,10.1,55.9,1.4,0,39.4,53,0.9,4.2,77.7,113.2,0.7,2.3,118.1,158,2.3,14.1,26.1,202.9,0.2,4.9,36.2,68.2,0.2,3.4,25.2,53.1,1,0.9,16.3,31,1.3,10.6,12,28.2,1.3,7.6,8,23.2,2,5,5,13,       .,       .,       .,       .,       .,       .,       .,       .,       .,       .,       .,       .,       .,0.8,0.4,10.5,1.6,2.6,12.3,2.5,5,8,58.9,2.4,2,5,49,11.4,2.4,2,2.4,19,9,2.2,2.2,8.7,29.4,60,1.4
3743,WK050325  ,Delft                                   ,District     ,WK050325  ,1,0.6,1.5,13.1,22.1,1.4,0.9,1.4,1,4.6,25,1.4,1,2.6,12,       .,       .,       .,       .,       .,0.5,1.7,16.7,27.3,0.6,3,48.6,95.4,1.4,2,11.5,53.5,0.8,0.8,19.4,53.6,0.7,2.7,50.1,110.5,0.6,2.2,64.3,158.2,2.9,13.2,25,202.2,0.5,3.6,37.9,69.8,0.9,1,25.5,54.2,0.6,1.3,17.5,29.9,0.9,9.3,12,30.3,0.9,7.3,8,25.2,1,4,5,13.3,       .,       .,       .,       .,       .,       .,       .,       .,       .,       .,       .,       .,       .,1,2.4,10.8,1.1,1.4,11.1,3,4.9,8.2,58,2.9,2,5.3,49.1,11.4,2.9,2,2.2,18.5,9.3,1,2.8,8.1,29.1,59.9,1.8
3744,BU05032500,Delft                                   ,Neighbourhood,BU05032500,1,0.6,1,16.5,24.8,0.2,0.5,0.2,1,5.2,24.5,0.2,1,2.6,11.5,       .,       .,       .,       .,       .,0.7,1.2,21.5,29.8,0.2,2.4,78.4,99.8,1.5,2,13.1,52.6,1.2,0.2,46.4,54.3,0.2,3.5,87,120.5,0.8,1.9,136.2,162,2.1,15.4,26,198.5,0.4,2.4,46.5,76,0.6,1.4,33.2,62.7,0.7,1,20,32.8,0.3,11.1,12,33,0.3,8,8,27.6,0.3,5,5,14,       .,       .,       .,       .,       .,       .,       .,       .,       .,       .,       .,       .,       .,1.3,2,10.1,1.2,1.2,10.3,2.3,5,9,58,2.2,2,6.2,48.5,10.8,2.2,2,2,18.1,10.2,1.9,2.1,9,28,60,1
3745,BU05032501,Delft                                   ,Neighbourhood,BU05032501,1,0.3,1.8,15.2,23.2,0.9,0.5,0.9,1,4.5,25,0.9,1,2.3,12,       .,       .,       .,       .,       .,0.4,1.9,18.2,28.1,0.8,3.7,55.2,97.2,1.2,2,12,53,0.9,0.7,27.1,54,0.9,3.1,59.9,113.8,0.4,2.9,83.8,161,2.6,13.7,24.5,200.5,0.4,3,42.2,73.3,0.9,0.7,28.2,58,0.4,1.2,19,30.8,0.5,10.6,12,30.6,0.5,7.6,8,25.5,0.6,4.9,5,13.1,       .,       .,       .,       .,       .,       .,       .,       .,       .,       .,       .,       .,       .,1.4,2.5,10.5,0.9,1,10.6,2.8,5,9,58,2.6,2,6,49,11.2,2.6,2,2,18,9.8,1.4,2.5,8,28.6,60,1.3
3746,BU05032502,Delft                                   ,Neighbourhood,BU05032502,1,0.6,2.2,17.8,23.5,0.7,0.4,0.7,1,4.2,25,0.7,1,2.2,12,       .,       .,       .,       .,       .,0.5,3.8,23.3,28.3,0.5,10.1,83.5,98.9,0.8,2,13.3,53.3,1.3,0,49.6,55,0.6,7.4,91.8,115.2,0.5,5.2,144.6,160.5,2,16.1,27.4,202.2,0.7,6.1,50.6,74.5,0.9,1,36.5,61.3,0.9,1,22.8,33.5,0.1,11.3,12,34.6,0.1,8,8,28.7,0.2,5,5,15.1,       .,       .,       .,       .,       .,       .,       .,       .,       .,       .,       .,       .,       .,1.4,1.9,10,0.5,1.7,10.8,2.1,5,9,58,2,2,6.5,49,10.7,2,2,2,18.2,9.7,1.3,1.9,9,28.7,60,1.1
3747,BU05032503,Delft                                   ,Neighbourhood,BU05032503,1,0.6,2.4,13.8,22.1,1.3,0.7,1.3,1,4.9,25,1.3,1,2.9,12,       .,       .,       .,       .,       .,0.5,2.4,18.1,27,0.8,3.3,50.7,96,1.1,2,11.5,53.9,0.9,1,22.3,54,0.9,2.3,54.7,109.6,0.3,3,72.1,160.2,2.7,13.7,25.1,202.2,0.4,4.5,41.7,71.4,1,0.9,27.8,55,0.8,1.5,19.4,30.3,0.7,10.3,12,30.1,0.7,7.6,8,25.1,0.9,4.7,5,13,       .,       .,       .,       .,       .,       .,       .,       .,       .,       .,       .,       .,       .,1.1,2.5,10.7,0.8,1.1,11,2.8,5,9,58,2.7,2,5.7,49,11.3,2.7,2,2,18,9.4,1,2.6,8.1,29,60,1.6
3748,BU05032504,Delft                                   ,Neighbourhood,BU05032504,1,0.3,1.2,11.1,22,1.6,1.2,1.6,1,5,25,1.6,1,3,12,       .,       .,       .,       .,       .,0.8,1.2,14.1,27,0.7,1,36.3,95.9,1.6,2,11,54,0.7,1,6.1,53.9,0.7,2,32,109.1,0.6,1.1,30.6,158.8,3.1,12.3,25.1,203,0.4,5.2,35,69.4,0.6,2,23.7,52.3,0.5,1.7,17.9,30,1.1,8.2,12,30.3,1.1,7,8,25.3,1.1,3.2,5,13,       .,       .,       .,       .,       .,       .,       .,       .,       .,       .,       .,       .,       .,0.8,2.6,11.1,1.3,1.2,11.1,3.3,5,8,58,3.2,2,5,49,11.8,3.2,2,2.3,18.4,9.1,0.8,3,8,29.3,60,1.9
3749,BU05032505,Delft                                   ,Neighbourhood,BU05032505,1,0.8,2.6,15.2,22.5,1.1,0.6,1.1,1,4.9,25,1.1,1,2.9,12,       .,       .,       .,       .,       .,0.6,3.2,20.3,27,0.6,7.4,66.9,96,0.9,2,12.6,53.6,1,0.5,37,54,0.9,4.5,74.9,111.5,0.5,4,108.2,160,2.5,14,26,202.5,0.5,3.3,42.6,70.9,1.3,0,29.2,56.3,1,0.5,19.3,30,0.3,11,12,30.2,0.3,8,8,25.2,0.8,5,5,13,       .,       .,       .,       .,       .,       .,       .,       .,       .,       .,       .,       .,       .,1.2,2.2,10.4,0.6,1.5,11.2,2.6,5,8.7,58,2.5,2,5.9,49,11.1,2.5,2,2,18,9.4,1.1,2.4,9,29,60,1.6
3750,BU05032506,Delft                                   ,Neighbourhood,BU05032506,1,0.8,1.5,12.5,21.3,1.5,1,1.5,1,5,25,1.5,1,3,12,       .,       .,       .,       .,       .,0.9,1.3,16.7,27,0.8,1.8,44.3,96,1.3,2,11,54,0.8,1,15.7,54,0.8,1.8,43.6,109.3,0.3,2,52.9,159.1,2.8,13.3,24.3,202.3,0.2,2.3,37.3,70.1,1.3,0,25.2,52.6,1.1,0.6,17.1,30,0.9,10,12,29.3,0.9,7.3,8,24.3,1.1,4.7,5,13,       .,       .,       .,       .,       .,       .,       .,       .,       .,       .,       .,       .,       .,1,2.6,10.8,1,1.6,11.5,3,5,8.3,58,2.9,2,5,49,11.4,2.8,2,2,18,9.3,0.9,2.7,7.8,29,60,1.9
3751,BU05032507,Delft                                   ,Neighbourhood,BU05032507,1,0.7,0.9,10.6,21.2,1.9,1.5,1.9,1,4.5,25,1.9,1,2.6,12,       .,       .,       .,       .,       .,0.6,1,13.9,26.7,0.6,1.1,35.1,93.8,1.8,2,10.8,53.8,0.6,0.9,5,53.4,0.6,2,31.8,107.8,0.8,0.8,27.8,155.8,3.3,12.4,24.7,203.8,0.5,4.4,30.8,66.3,0.7,2,20,49.8,0.6,1.8,14.4,28.8,1.4,7.3,12,29.1,1.4,6.8,8,24.1,1.5,2.5,5,13.5,       .,       .,       .,       .,       .,       .,       .,       .,       .,       .,       .,       .,       .,0.6,2.4,11.3,1.5,1.7,11.6,3.5,5,6.8,58,3.4,2,4.4,49.1,11.9,3.3,2,2.6,19.2,8.9,0.6,3.2,8,29.6,60,2.3
3752,BU05032508,Delft                                   ,Neighbourhood,BU05032508,1,0.6,1,11,21,1.8,1.2,1.8,1,5,25,1.8,1,3,12,       .,       .,       .,       .,       .,0.3,1.2,14,27,0.2,1.5,36.9,95.8,1.5,2,10.7,54.2,0.2,1,6.5,53.9,0.2,2.3,33.4,109.4,0.6,1.5,31.9,157.7,3.1,12.7,24.7,203.9,0.5,3.7,32.7,68.2,1,1,22.2,52.2,0.3,1.7,15.4,29.4,1.1,7.9,12,30.5,1.1,7,8,25.5,1.4,2.9,5,13.6,       .,       .,       .,       .,       .,       .,       .,       .,       .,       .,       .,       .,       .,0.5,2.3,11.1,1.2,1.8,11.7,3.2,5,7.5,58,3.1,2,4.7,49.2,11.7,3.1,2,2.9,19.6,8.8,0.3,3,8,29.8,60,2.2
3753,BU05032509,Delft                                   ,Neighbourhood,BU05032509,1,1.3,0.3,8.3,18.5,2.6,1.8,2.6,1,3,25.6,2.6,1,2.2,12.6,       .,       .,       .,       .,       .,1,0.4,10.6,24.3,1,0.4,26.3,82.9,2.4,2,10.5,53.5,1,0.4,3,48.6,0.9,0.8,22.6,97.4,1.2,0.3,16.2,140.9,3.9,9.8,25.6,203.8,1.3,0.7,23.8,55.2,1.3,0,15,40.5,1,0.4,10.8,24,2,6,11.4,28.2,2,5.8,8,22.4,2.2,2.1,5,13.4,       .,       .,       .,       .,       .,       .,       .,       .,       .,       .,       .,       .,       .,0.5,2.6,11.9,2.1,2,11.8,4.1,3.9,5.8,57.6,4,1.6,3.4,49.6,11.6,3.9,1.6,2.4,18.8,8.8,1,3.8,7.4,29.5,58.4,2.9
3754,BU05032510,Delft                                   ,Neighbourhood,BU05032510,1,       .,       .,       .,       .,       .,       .,       .,       .,       .,       .,       .,       .,       .,       .,       .,       .,       .,       .,       .,       .,       .,       .,       .,       .,       .,       .,       .,       .,       .,       .,       .,       .,       .,       .,       .,       .,       .,       .,       .,       .,       .,       .,       .,       .,       .,       .,       .,       .,       .,       .,       .,       .,       .,       .,       .,       .,       .,       .,       .,       .,       .,       .,       .,       .,       .,       .,       .,       .,       .,       .,       .,       .,       .,       .,       .,       .,       .,       .,       .,       .,       .,       .,       .,       .,       .,       .,       .,       .,       .,       .,       .,       .,       .,       .,       .,       .,       .,       .,       .,       .,       .,       .,       .,       .,       .,       .,       .,       .,       .,       .
3755,WK050326  ,Delft                                   ,District     ,WK050326  ,1,0.8,1,6,16.3,3.6,0.8,3.6,1,2,26,3.6,1,2,13,       .,       .,       .,       .,       .,1.1,0,6.8,26.3,1.1,0,21.8,86.6,3.1,2,12.3,56,1.2,0,2,50.5,1,0.3,22.5,98.1,1.1,0,13.8,142.1,4.1,11,28.7,204.3,0.1,2.8,19.3,53.1,1,2.1,12,42.3,1,1.5,9,25.3,2.7,1.5,11,31,2.7,1.5,8,24,3.2,0,5,16,       .,       .,       .,       .,       .,       .,       .,       .,       .,       .,       .,       .,       .,1.6,2.3,12.3,3.1,3.6,13.4,4.2,4,9,58,4.1,2,6,51.7,10.6,4.1,2,5,19,6.6,2,3.7,7,30.7,57.3,3.2
3756,BU05032600,Delft                                   ,Neighbourhood,BU05032600,1,0.8,1,6,16.3,3.6,0.8,3.6,1,2,26,3.6,1,2,13,       .,       .,       .,       .,       .,1.1,0,6.8,26.3,1.1,0,21.8,86.6,3.1,2,12.3,56,1.2,0,2,50.5,1,0.3,22.5,98.1,1.1,0,13.8,142.1,4.1,11,28.7,204.3,0.1,2.8,19.3,53.1,1,2.1,12,42.3,1,1.5,9,25.3,2.7,1.5,11,31,2.7,1.5,8,24,3.2,0,5,16,       .,       .,       .,       .,       .,       .,       .,       .,       .,       .,       .,       .,       .,1.6,2.3,12.3,3.1,3.6,13.4,4.2,4,9,58,4.1,2,6,51.7,10.6,4.1,2,5,19,6.6,2,3.7,7,30.7,57.3,3.2
3757,WK050327  ,Delft                                   ,District     ,WK050327  ,1,1.2,0.3,16.6,21.8,1.9,1.2,1.9,1,4,25.5,1.9,1,2.1,12,       .,       .,       .,       .,       .,0.8,2.5,23.7,27.8,1,3.5,85.5,95.4,1.3,2,14.5,56.9,0.9,3.5,50.1,54.5,0.9,6.5,99.5,115.4,0.4,11.9,146.7,156.9,1.3,18,31.3,201.7,1.1,1.3,49.3,71.4,1.1,0.8,34.6,59.2,1.2,0.2,17.2,30.7,1.3,11.7,11.9,35.1,1.3,7.8,8,30,1.8,4.9,4.9,16.4,       .,       .,       .,       .,       .,       .,       .,       .,       .,       .,       .,       .,       .,1.7,1.2,9.5,1.3,2.1,11.9,1.4,5,8,58.4,1,2,7.9,49.1,10.3,1,2,3.2,20,9.7,1.4,0.5,8.9,29.8,59.9,0.9
3758,BU05032700,Delft                                   ,Neighbourhood,BU05032700,1,1.1,0.4,17,22,1.9,1.2,1.9,1,4.1,25.5,1.9,1,2.1,12,       .,       .,       .,       .,       .,0.8,2.6,24.3,28,0.9,3.6,87.8,96.3,1.3,2,14.7,57,0.9,3.6,51.6,55.1,0.9,6.7,102.1,116.5,0.3,12.3,150.9,158.5,1.2,18.3,31.4,201.8,1,1.3,50.6,72.2,1.1,0.8,35.5,60,1.2,0.2,17.6,31,1.2,12,12,35.3,1.2,8,8,30.2,1.7,5,5,16.5,       .,       .,       .,       .,       .,       .,       .,       .,       .,       .,       .,       .,       .,1.7,1.1,9.4,1.2,2,11.8,1.3,5,8,58.4,0.9,2,8,49,10.3,0.9,2,3.1,20,9.7,1.4,0.5,9,29.8,60,0.8
3759,BU05032702,Delft                                   ,Neighbourhood,BU05032702,1,       .,       .,       .,       .,       .,       .,       .,       .,       .,       .,       .,       .,       .,       .,       .,       .,       .,       .,       .,       .,       .,       .,       .,       .,       .,       .,       .,       .,       .,       .,       .,       .,       .,       .,       .,       .,       .,       .,       .,       .,       .,       .,       .,       .,       .,       .,       .,       .,       .,       .,       .,       .,       .,       .,       .,       .,       .,       .,       .,       .,       .,       .,       .,       .,       .,       .,       .,       .,       .,       .,       .,       .,       .,       .,       .,       .,       .,       .,       .,       .,       .,       .,       .,       .,       .,       .,       .,       .,       .,       .,       .,       .,       .,       .,       .,       .,       .,       .,       .,       .,       .,       .,       .,       .,       .,       .,       .,       .,       .,       .
3760,BU05032703,Delft                                   ,Neighbourhood,BU05032703,1,1.8,0,5.1,19.5,3.8,2.2,3.8,1,3.9,24.7,3.8,1,2.2,12,       .,       .,       .,       .,       .,1.9,0,9.9,26.5,1.9,0,23.1,91.3,2.9,2,10.6,55.3,1.9,0,3.7,52.6,0.5,1.1,25.9,108.6,1.9,0,16.8,153.7,3.5,13,28.6,200.1,1.7,0,16,58.2,1.8,0,9.8,44.5,2,0,5.9,25.7,2.5,1.3,12,29.2,2.5,1.3,8,22.7,3.5,0,5,14.6,       .,       .,       .,       .,       .,       .,       .,       .,       .,       .,       .,       .,       .,0.7,2.1,11.7,3,4.1,13.9,3.4,5,7.3,59,3.4,2,4.8,50,12.4,3.4,2,3.7,18.3,8.3,2.8,2.2,7,29.7,59.6,3
3761,BU05032704,Delft                                   ,Neighbourhood,BU05032704,1,3,0,0.5,11.7,5,3.4,5,0.5,2,24.7,5,0.5,2,12.6,       .,       .,       .,       .,       .,3.2,0,0.8,18.1,3.2,0,0.8,51.6,4.1,1.5,8.2,56,3.2,0,0.4,24.8,1.1,0.5,3.2,63.3,2.2,0,1.4,74.8,4.7,4.3,28.5,200.1,2.9,0,3.7,36.3,3,0,2.3,24.3,3.2,0,1,15.7,3.7,0,6.6,29,3.7,0,5.8,22,4.7,0,1.9,14,       .,       .,       .,       .,       .,       .,       .,       .,       .,       .,       .,       .,       .,2,3.4,12.3,4.3,5.4,15.1,4.6,2.9,9,57,4.6,0.8,4.4,51.5,11.2,4.6,1,4,19,7,4,3.4,5.3,29.2,56,4.2
3762,WK050328  ,Delft                                   ,District     ,WK050328  ,1,0.8,1.1,8.9,22.7,3.4,1,3.4,1,4.9,25.8,3.4,1,2.1,12.7,       .,       .,       .,       .,       .,0.7,1.4,16.7,30,0.5,5.1,66,103.7,1.8,2.7,15,55.1,0.6,2.9,47.2,56.7,0.4,7.5,84.7,121.8,0.6,3.9,137.4,162.8,1,17.9,36.7,198.3,0.4,4.5,32.5,69.5,0.5,3.1,24.6,55.1,0.8,1.5,12.5,30.6,1.6,4.3,12.2,33.1,2.7,2.3,8.2,27.1,3.1,1.3,5.2,16.5,       .,       .,       .,       .,       .,       .,       .,       .,       .,       .,       .,       .,       .,1.1,2.1,9.3,1.6,1.8,12.9,0.6,5,8.7,59,1.5,2,6.8,49.9,10.6,1.5,2,3.4,19.8,8.3,1.9,2.3,9,30.5,60,2.3
3763,BU05032800,Delft                                   ,Neighbourhood,BU05032800,1,0.7,1.9,11.8,22.2,2.7,0.9,2.7,1,5,25.6,2.7,1,2,12,       .,       .,       .,       .,       .,0.8,1.8,21.3,29.1,0.2,7.1,79.1,98.8,1.2,2.5,16.5,55.8,0.7,5.6,49,56.2,0.3,11.2,94.4,120.3,0.8,8,145.3,159.7,0.3,18.4,35.8,199.9,0.2,5,40.5,72.3,0.2,3.7,31,57.9,0.8,1.8,16.6,31.7,1.5,9.7,12,34.5,2,5.9,8,29.5,2.5,3.9,5,16.6,       .,       .,       .,       .,       .,       .,       .,       .,       .,       .,       .,       .,       .,1.3,1.4,9.2,0.9,1.7,12.3,0.4,5,8,59,0.8,2,7.8,49.1,10.3,0.8,2,3.8,20,8.7,1.3,1.8,9,30.8,60,1.6
3764,BU05032801,Delft                                   ,Neighbourhood,BU05032801,1,0.6,2.1,11.6,23.4,2.9,0.5,2.9,1,5.9,26.2,2.9,1,2.4,12.2,       .,       .,       .,       .,       .,0.7,2,20.9,31,0.4,10.1,77.8,104.2,1.2,3.1,17.4,55.5,0.6,6.6,49,58.4,0.3,13.7,93.8,124.5,0.6,14.4,145.4,165.2,0.6,19,44.6,199.7,0.3,6.9,39.7,76,0.5,4.7,30.6,62.3,0.6,2.8,16.5,34.2,1.1,8.5,12.2,36.3,2.1,4.8,8.2,30.9,2.4,3.4,5.2,18.2,       .,       .,       .,       .,       .,       .,       .,       .,       .,       .,       .,       .,       .,0.9,1.6,8.7,1.1,1.2,12.2,0.3,5,10.4,59,0.9,2,9.9,49.1,10,1,2,4.4,20,8.5,1.3,2,9,31,60,1.8
3765,BU05032802,Delft                                   ,Neighbourhood,BU05032802,1,0.3,1.9,10.2,24.9,3.2,0.5,3.2,1,5.9,26.9,3.2,1,2.2,13,       .,       .,       .,       .,       .,0.3,1.4,19,32.3,0.2,7.5,74.3,110.7,1.5,3.1,17.3,55,0.5,2,48.9,59.9,0.2,8.5,90.9,126.4,0.2,6.1,144.5,169.4,0.9,18.6,46,199,0.2,6.3,35.7,77.3,0.2,4.2,27.4,63.4,0.2,2.5,14.8,35.3,1.1,5.5,12.3,37,2.5,3,8.3,30.6,2.8,1.8,5.3,19,       .,       .,       .,       .,       .,       .,       .,       .,       .,       .,       .,       .,       .,0.7,1.9,8.7,1.4,1.2,12.5,0.4,5,10.3,59,1.3,2,9,49.3,10,1.3,2,4.7,20,8,1.7,2.2,9,31,60,2.1
3766,BU05032803,Delft                                   ,Neighbourhood,BU05032803,1,0.3,1.1,9.8,24.5,3.3,0.7,3.3,1,5,26.7,3.3,1,2,13,       .,       .,       .,       .,       .,0.3,1.9,17.8,32.3,0.2,6.8,73,110.9,1.8,3,16.9,55,0.3,2.9,48.6,59.9,0.1,9,89.8,126,0.4,2.1,142.5,165.8,1,18,38.5,198.1,0.2,6.2,34.8,74.5,0.2,3.8,26,58.7,0.2,2,13.8,35.1,1.4,3.6,12.4,35.7,2.6,2.1,8.4,28.9,3,0.5,5.4,18.6,       .,       .,       .,       .,       .,       .,       .,       .,       .,       .,       .,       .,       .,1,2,9,1.5,1.6,12.8,0.5,5,8.4,59,1.4,2,7,50,10.4,1.4,2,4.1,20,7.9,1.9,2.3,9,30.9,60,2.2
3767,BU05032804,Delft                                   ,Neighbourhood,BU05032804,1,1.4,0.4,8.4,20.8,3.4,1.4,3.4,1,4.6,25,3.4,1,2,12.4,       .,       .,       .,       .,       .,1.4,0,14.9,27.1,0.8,1.1,62.7,95,1.9,2,12.3,54.8,0.9,1.1,46.9,53.6,0.8,3,80.4,115.3,0.4,1,133.4,157,0.7,17.4,31.2,198.1,0.7,1.7,27.1,64.2,0.5,1.7,21.2,49.7,1.4,0,10.4,25.7,2.1,3.1,12,28.7,2.7,1.3,8,24,3.2,0.8,5,13.7,       .,       .,       .,       .,       .,       .,       .,       .,       .,       .,       .,       .,       .,1.6,2.1,9.7,1.7,2.2,13.1,0.4,5,8,59,1.5,2,5.3,50.4,11,1.5,2,3.2,19.5,8.6,2,2.5,9.1,30,60,2.3
3768,BU05032805,Delft                                   ,Neighbourhood,BU05032805,1,1.4,0.3,6.2,20.3,3.8,1.6,3.8,1,4.1,24.8,3.8,1,2,12.7,       .,       .,       .,       .,       .,1.2,0.5,12.4,26.8,1.1,1.1,52.5,96.3,2.3,2.3,12.1,54.7,0.7,1.2,44.9,53.1,0.7,3,73.2,115.9,0.6,0.7,127.5,157.7,1.2,17,29.7,197.2,0.7,1.9,23.4,60.2,0.8,1.9,17.6,46.1,1.5,0.4,7.4,23.8,2.3,1.3,12,27.5,3.1,0.2,8,22.5,3.5,0.1,5,13.4,       .,       .,       .,       .,       .,       .,       .,       .,       .,       .,       .,       .,       .,1.6,2.5,9.9,2,2.4,13.4,0.8,5,8,59,1.9,2,4.5,50.8,11.2,1.9,2,2.1,19.3,8.6,2.4,2.8,9.2,30,60,2.7
3769,BU05032806,Delft                                   ,Neighbourhood,BU05032806,1,0.7,1,7.2,24.2,3.6,1.1,3.6,1,4.2,25.7,3.6,1,2,13,       .,       .,       .,       .,       .,0.5,2,14.9,32.1,0.6,5.8,59.7,110.9,2.1,3,14.4,55,0.5,3,47.1,58,0.5,8,81.7,125.4,0.6,1.3,136.3,165.5,1.3,17.8,34.8,197,0.5,5.3,31.7,67.8,0.7,3.4,23.2,52.7,0.7,2,11.3,31.2,1.7,2.2,12.3,32.8,2.9,1.2,8.3,26,3.4,0,5.3,16.8,       .,       .,       .,       .,       .,       .,       .,       .,       .,       .,       .,       .,       .,1.2,2.3,9.4,1.7,1.9,13.1,0.8,5,8,59,1.7,2,6.4,50,10.7,1.7,2,3.3,20,7.9,2.2,2.4,9,30.1,60,2.5
3770,BU05032807,Delft                                   ,Neighbourhood,BU05032807,1,1.1,0.1,6.8,20.1,4,1.5,4,1,4,25,4,1,2,13,       .,       .,       .,       .,       .,0.4,1.1,12.5,27.9,1.1,0.5,49.6,98,2.5,2.4,12.2,55,0.4,2.3,43.2,53,0.4,4.2,73,118.7,1.3,0,121.5,158.8,1.6,17,31,197.7,0.2,1.4,27.4,63,1.1,0.1,20.3,48.3,1.2,0,10.3,26.1,2.2,1,12,31.1,3.3,0,8,24.3,3.7,0,5,15,       .,       .,       .,       .,       .,       .,       .,       .,       .,       .,       .,       .,       .,0.7,2.7,9.8,2.2,2.3,13.6,1.2,5,8,59,2.1,2,4.1,51,11.1,2.1,2,2,19,8.7,2.6,2.5,9,30,60,2.9
3771,BU05032808,Delft                                   ,Neighbourhood,BU05032808,1,0.7,1.9,6,24.8,3.9,0.9,3.9,1,4,25,3.9,1,2,13,       .,       .,       .,       .,       .,0.7,2,12.1,31.3,0.5,7.4,52,109.2,2.3,3,14,54.9,1,0.3,45.4,56.9,0.6,5.2,71.1,122.9,0.5,1.3,127.9,167.4,1.6,17.6,34,197,0.3,4.3,27.1,63.4,0.7,4.1,18.7,55,0.7,3.2,10,29.8,1.9,1,13,33,3.2,0,9,26,3.6,0,6,17.2,       .,       .,       .,       .,       .,       .,       .,       .,       .,       .,       .,       .,       .,1.5,2.6,9.5,1,2,12.4,1.1,5,8,59,2,2,5.7,49.4,10.8,2,2,2.8,19.9,7.1,2.5,1.6,8.6,30,60,2.8
3772,BU05032809,Delft                                   ,Neighbourhood,BU05032809,1,1,0.9,10.8,21.6,3,1.1,3,1,5,25,3,1,2,12,       .,       .,       .,       .,       .,1.1,0.3,19.1,27.7,0.3,1.8,74.6,95.5,1.5,2,13.6,55,0.7,1.6,48.8,54.9,0.4,4.8,91.1,116,0.9,0.9,142.6,157.6,0.4,17.9,33.9,199.1,0.3,2.6,34.9,69.1,0.3,2.2,27.9,55.1,1.1,0.2,14.6,29.3,1.8,6.3,12,31.5,2.3,3.7,8,26.5,2.8,2.3,5,15.3,       .,       .,       .,       .,       .,       .,       .,       .,       .,       .,       .,       .,       .,1.6,1.7,9.4,1.2,1.9,12.6,0.3,5,8,59,1.1,2,6.6,49.9,10.6,1.1,2,3.4,20,8.9,1.6,2.1,9,30.1,60,1.9
3773,WK050329  ,Delft                                   ,District     ,WK050329  ,1,3,0,1.3,13.9,5.1,3.1,5.1,0.4,4.3,25.3,5.1,0.4,2.7,13.6,       .,       .,       .,       .,       .,2.7,0,2,20.8,2.4,0,8.3,74.9,3.6,1.6,10.6,56,2.4,0,10.1,47.6,0.7,0.9,18.2,94.1,1.3,0.4,24.2,139.6,2.4,13.3,31,197.5,1.5,0.1,6.5,45.9,1,0.4,4.3,34.1,3,0,1.6,18.7,3.8,0.4,6.7,33.3,4.4,0,4.4,24.8,4.9,0,2.1,16.3,       .,       .,       .,       .,       .,       .,       .,       .,       .,       .,       .,       .,       .,1.8,3.8,10.3,3.3,3.9,14.2,2.1,4.8,9.4,58,3.3,1.9,5.4,52.4,10.9,3.3,1.9,4,18.5,7,3.7,3.7,6.8,29.6,59.6,4
3774,BU05032900,Delft                                   ,Neighbourhood,BU05032900,1,2.7,0,1.7,15.7,4.8,2.8,4.8,0.6,4.4,25,4.8,0.6,2.6,13.5,       .,       .,       .,       .,       .,2.5,0,2.6,23.3,2.1,0,11.1,82.9,3.3,1.8,10.5,55.5,2.1,0,13.5,50.7,0.6,1,23.7,102.5,1.1,0.5,32.3,149.7,2.1,14.1,27.9,197.9,1.5,0,8,51.8,0.7,0.6,5.2,38.1,2.8,0,2.2,21.5,3.4,0.5,8.4,30.4,4.1,0,5.6,23.3,4.6,0,2.9,15.3,       .,       .,       .,       .,       .,       .,       .,       .,       .,       .,       .,       .,       .,1.6,3.5,10.5,3,3.6,14.3,1.8,5,8.8,58.2,2.9,2,4.7,51.9,11.2,2.9,2,3.5,18.6,7.3,3.4,3.4,6.6,29.5,59.9,3.7
3775,BU05032901,Delft                                   ,Neighbourhood,BU05032901,1,       .,       .,       .,       .,       .,       .,       .,       .,       .,       .,       .,       .,       .,       .,       .,       .,       .,       .,       .,       .,       .,       .,       .,       .,       .,       .,       .,       .,       .,       .,       .,       .,       .,       .,       .,       .,       .,       .,       .,       .,       .,       .,       .,       .,       .,       .,       .,       .,       .,       .,       .,       .,       .,       .,       .,       .,       .,       .,       .,       .,       .,       .,       .,       .,       .,       .,       .,       .,       .,       .,       .,       .,       .,       .,       .,       .,       .,       .,       .,       .,       .,       .,       .,       .,       .,       .,       .,       .,       .,       .,       .,       .,       .,       .,       .,       .,       .,       .,       .,       .,       .,       .,       .,       .,       .,       .,       .,       .,       .,       .
3776,BU05032902,Delft                                   ,Neighbourhood,BU05032902,1,3.8,0,0,8.5,5.9,3.9,5.9,0,3.8,25.9,5.9,0,3,14.1,       .,       .,       .,       .,       .,3.4,0,0.2,13.7,3.2,0,0.3,52.5,4.3,1,10.9,57.5,3.2,0,0.6,38.9,0.9,0.9,3,70.4,1.9,0,1.9,110.9,3.1,11.1,39.9,196.5,1.5,0.3,1.8,29.1,1.9,0,1.5,22.6,3.7,0,0,10.9,4.7,0,1.7,41.7,5.2,0,0.9,29.1,5.8,0,0,19.4,       .,       .,       .,       .,       .,       .,       .,       .,       .,       .,       .,       .,       .,2.3,4.8,9.7,4.1,4.7,14.1,3.2,4.1,11.1,57.3,4.3,1.7,7.4,53.9,10,4.2,1.6,5.4,18.2,6.1,4.4,4.4,7.3,29.9,58.7,4.9
